Cell Name/Pin, Capacitance, Direction
sky130_fd_sc_hd__a2111o_1/A1,0.0024790000,input
sky130_fd_sc_hd__a2111o_1/A2,0.0023580000,input
sky130_fd_sc_hd__a2111o_1/B1,0.0024650000,input
sky130_fd_sc_hd__a2111o_1/C1,0.0024250000,input
sky130_fd_sc_hd__a2111o_1/D1,0.0023920000,input
sky130_fd_sc_hd__a2111o_1/X,0.1849460000,output
sky130_fd_sc_hd__a2111o_2/A1,0.0025260000,input
sky130_fd_sc_hd__a2111o_2/A2,0.0024610000,input
sky130_fd_sc_hd__a2111o_2/B1,0.0023860000,input
sky130_fd_sc_hd__a2111o_2/C1,0.0025020000,input
sky130_fd_sc_hd__a2111o_2/D1,0.0024650000,input
sky130_fd_sc_hd__a2111o_2/X,0.3405860000,output
sky130_fd_sc_hd__a2111o_4/A1,0.0044080000,input
sky130_fd_sc_hd__a2111o_4/A2,0.0046040000,input
sky130_fd_sc_hd__a2111o_4/B1,0.0045710000,input
sky130_fd_sc_hd__a2111o_4/C1,0.0044840000,input
sky130_fd_sc_hd__a2111o_4/D1,0.0043850000,input
sky130_fd_sc_hd__a2111o_4/X,0.5658060000,output
sky130_fd_sc_hd__a2111oi_0/A1,0.0019370000,input
sky130_fd_sc_hd__a2111oi_0/A2,0.0018930000,input
sky130_fd_sc_hd__a2111oi_0/B1,0.0017860000,input
sky130_fd_sc_hd__a2111oi_0/C1,0.0019310000,input
sky130_fd_sc_hd__a2111oi_0/D1,0.0018050000,input
sky130_fd_sc_hd__a2111oi_0/Y,0.0210670000,output
sky130_fd_sc_hd__a2111oi_1/A1,0.0023510000,input
sky130_fd_sc_hd__a2111oi_1/A2,0.0024180000,input
sky130_fd_sc_hd__a2111oi_1/B1,0.0024580000,input
sky130_fd_sc_hd__a2111oi_1/C1,0.0024790000,input
sky130_fd_sc_hd__a2111oi_1/D1,0.0024990000,input
sky130_fd_sc_hd__a2111oi_1/Y,0.0329690000,output
sky130_fd_sc_hd__a2111oi_2/A1,0.0049400000,input
sky130_fd_sc_hd__a2111oi_2/A2,0.0046110000,input
sky130_fd_sc_hd__a2111oi_2/B1,0.0044720000,input
sky130_fd_sc_hd__a2111oi_2/C1,0.0048370000,input
sky130_fd_sc_hd__a2111oi_2/D1,0.0044940000,input
sky130_fd_sc_hd__a2111oi_2/Y,0.0595190000,output
sky130_fd_sc_hd__a2111oi_4/A1,0.0086650000,input
sky130_fd_sc_hd__a2111oi_4/A2,0.0090000000,input
sky130_fd_sc_hd__a2111oi_4/B1,0.0086700000,input
sky130_fd_sc_hd__a2111oi_4/C1,0.0085590000,input
sky130_fd_sc_hd__a2111oi_4/D1,0.0086180000,input
sky130_fd_sc_hd__a2111oi_4/Y,0.1107890000,output
sky130_fd_sc_hd__a211o_1/A1,0.0024830000,input
sky130_fd_sc_hd__a211o_1/A2,0.0025020000,input
sky130_fd_sc_hd__a211o_1/B1,0.0024340000,input
sky130_fd_sc_hd__a211o_1/C1,0.0023820000,input
sky130_fd_sc_hd__a211o_1/X,0.1849460000,output
sky130_fd_sc_hd__a211o_2/A1,0.0024120000,input
sky130_fd_sc_hd__a211o_2/A2,0.0024480000,input
sky130_fd_sc_hd__a211o_2/B1,0.0024180000,input
sky130_fd_sc_hd__a211o_2/C1,0.0023760000,input
sky130_fd_sc_hd__a211o_2/X,0.3396710000,output
sky130_fd_sc_hd__a211o_4/A1,0.0044840000,input
sky130_fd_sc_hd__a211o_4/A2,0.0049270000,input
sky130_fd_sc_hd__a211o_4/B1,0.0049680000,input
sky130_fd_sc_hd__a211o_4/C1,0.0045190000,input
sky130_fd_sc_hd__a211o_4/X,0.5859470000,output
sky130_fd_sc_hd__a211oi_1/A1,0.0024820000,input
sky130_fd_sc_hd__a211oi_1/A2,0.0024440000,input
sky130_fd_sc_hd__a211oi_1/B1,0.0024640000,input
sky130_fd_sc_hd__a211oi_1/C1,0.0024030000,input
sky130_fd_sc_hd__a211oi_1/Y,0.0503640000,output
sky130_fd_sc_hd__a211oi_2/A1,0.0044950000,input
sky130_fd_sc_hd__a211oi_2/A2,0.0045260000,input
sky130_fd_sc_hd__a211oi_2/B1,0.0044370000,input
sky130_fd_sc_hd__a211oi_2/C1,0.0044140000,input
sky130_fd_sc_hd__a211oi_2/Y,0.0933940000,output
sky130_fd_sc_hd__a211oi_4/A1,0.0087190000,input
sky130_fd_sc_hd__a211oi_4/A2,0.0094040000,input
sky130_fd_sc_hd__a211oi_4/B1,0.0093360000,input
sky130_fd_sc_hd__a211oi_4/C1,0.0087530000,input
sky130_fd_sc_hd__a211oi_4/Y,0.1501560000,output
sky130_fd_sc_hd__a21bo_1/A1,0.0024910000,input
sky130_fd_sc_hd__a21bo_1/A2,0.0025130000,input
sky130_fd_sc_hd__a21bo_1/B1_N,0.0017650000,input
sky130_fd_sc_hd__a21bo_1/X,0.1913550000,output
sky130_fd_sc_hd__a21bo_2/A1,0.0024560000,input
sky130_fd_sc_hd__a21bo_2/A2,0.0024400000,input
sky130_fd_sc_hd__a21bo_2/B1_N,0.0013630000,input
sky130_fd_sc_hd__a21bo_2/X,0.3021340000,output
sky130_fd_sc_hd__a21bo_4/A1,0.0045330000,input
sky130_fd_sc_hd__a21bo_4/A2,0.0049360000,input
sky130_fd_sc_hd__a21bo_4/B1_N,0.0024390000,input
sky130_fd_sc_hd__a21bo_4/X,0.4962260000,output
sky130_fd_sc_hd__a21boi_0/A1,0.0018440000,input
sky130_fd_sc_hd__a21boi_0/A2,0.0017660000,input
sky130_fd_sc_hd__a21boi_0/B1_N,0.0016550000,input
sky130_fd_sc_hd__a21boi_0/Y,0.0485330000,output
sky130_fd_sc_hd__a21boi_1/A1,0.0023960000,input
sky130_fd_sc_hd__a21boi_1/A2,0.0023800000,input
sky130_fd_sc_hd__a21boi_1/B1_N,0.0016690000,input
sky130_fd_sc_hd__a21boi_1/Y,0.0787450000,output
sky130_fd_sc_hd__a21boi_2/A1,0.0045640000,input
sky130_fd_sc_hd__a21boi_2/A2,0.0049330000,input
sky130_fd_sc_hd__a21boi_2/B1_N,0.0015770000,input
sky130_fd_sc_hd__a21boi_2/Y,0.1355080000,output
sky130_fd_sc_hd__a21boi_4/A1,0.0088190000,input
sky130_fd_sc_hd__a21boi_4/A2,0.0095130000,input
sky130_fd_sc_hd__a21boi_4/B1_N,0.0025340000,input
sky130_fd_sc_hd__a21boi_4/Y,0.2261450000,output
sky130_fd_sc_hd__a21o_1/A1,0.0024560000,input
sky130_fd_sc_hd__a21o_1/A2,0.0024060000,input
sky130_fd_sc_hd__a21o_1/B1,0.0024770000,input
sky130_fd_sc_hd__a21o_1/X,0.1858620000,output
sky130_fd_sc_hd__a21o_2/A1,0.0024220000,input
sky130_fd_sc_hd__a21o_2/A2,0.0023830000,input
sky130_fd_sc_hd__a21o_2/B1,0.0024350000,input
sky130_fd_sc_hd__a21o_2/X,0.3231910000,output
sky130_fd_sc_hd__a21o_4/A1,0.0045230000,input
sky130_fd_sc_hd__a21o_4/A2,0.0049450000,input
sky130_fd_sc_hd__a21o_4/B1,0.0045290000,input
sky130_fd_sc_hd__a21o_4/X,0.5987650000,output
sky130_fd_sc_hd__a21oi_1/A1,0.0024140000,input
sky130_fd_sc_hd__a21oi_1/A2,0.0023900000,input
sky130_fd_sc_hd__a21oi_1/B1,0.0023770000,input
sky130_fd_sc_hd__a21oi_1/Y,0.0769140000,output
sky130_fd_sc_hd__a21oi_2/A1,0.0045640000,input
sky130_fd_sc_hd__a21oi_2/A2,0.0049750000,input
sky130_fd_sc_hd__a21oi_2/B1,0.0045150000,input
sky130_fd_sc_hd__a21oi_2/Y,0.1345920000,output
sky130_fd_sc_hd__a21oi_4/A1,0.0088100000,input
sky130_fd_sc_hd__a21oi_4/A2,0.0095170000,input
sky130_fd_sc_hd__a21oi_4/B1,0.0087960000,input
sky130_fd_sc_hd__a21oi_4/Y,0.2325540000,output
sky130_fd_sc_hd__a221o_1/A1,0.0024050000,input
sky130_fd_sc_hd__a221o_1/A2,0.0024310000,input
sky130_fd_sc_hd__a221o_1/B1,0.0024190000,input
sky130_fd_sc_hd__a221o_1/B2,0.0024300000,input
sky130_fd_sc_hd__a221o_1/C1,0.0023280000,input
sky130_fd_sc_hd__a221o_1/X,0.1675510000,output
sky130_fd_sc_hd__a221o_2/A1,0.0023880000,input
sky130_fd_sc_hd__a221o_2/A2,0.0024190000,input
sky130_fd_sc_hd__a221o_2/B1,0.0023990000,input
sky130_fd_sc_hd__a221o_2/B2,0.0024180000,input
sky130_fd_sc_hd__a221o_2/C1,0.0023040000,input
sky130_fd_sc_hd__a221o_2/X,0.3167820000,output
sky130_fd_sc_hd__a221o_4/A1,0.0046060000,input
sky130_fd_sc_hd__a221o_4/A2,0.0044950000,input
sky130_fd_sc_hd__a221o_4/B1,0.0043210000,input
sky130_fd_sc_hd__a221o_4/B2,0.0043770000,input
sky130_fd_sc_hd__a221o_4/C1,0.0043900000,input
sky130_fd_sc_hd__a221o_4/X,0.5712990000,output
sky130_fd_sc_hd__a221oi_1/A1,0.0023690000,input
sky130_fd_sc_hd__a221oi_1/A2,0.0023730000,input
sky130_fd_sc_hd__a221oi_1/B1,0.0023750000,input
sky130_fd_sc_hd__a221oi_1/B2,0.0024020000,input
sky130_fd_sc_hd__a221oi_1/C1,0.0022970000,input
sky130_fd_sc_hd__a221oi_1/Y,0.0567730000,output
sky130_fd_sc_hd__a221oi_2/A1,0.0044200000,input
sky130_fd_sc_hd__a221oi_2/A2,0.0049040000,input
sky130_fd_sc_hd__a221oi_2/B1,0.0043670000,input
sky130_fd_sc_hd__a221oi_2/B2,0.0048780000,input
sky130_fd_sc_hd__a221oi_2/C1,0.0043740000,input
sky130_fd_sc_hd__a221oi_2/Y,0.0998020000,output
sky130_fd_sc_hd__a221oi_4/A1,0.0086460000,input
sky130_fd_sc_hd__a221oi_4/A2,0.0094440000,input
sky130_fd_sc_hd__a221oi_4/B1,0.0084810000,input
sky130_fd_sc_hd__a221oi_4/B2,0.0090410000,input
sky130_fd_sc_hd__a221oi_4/C1,0.0085850000,input
sky130_fd_sc_hd__a221oi_4/Y,0.1748760000,output
sky130_fd_sc_hd__a222oi_1/A1,0.0022730000,input
sky130_fd_sc_hd__a222oi_1/A2,0.0023170000,input
sky130_fd_sc_hd__a222oi_1/B1,0.0022880000,input
sky130_fd_sc_hd__a222oi_1/B2,0.0023520000,input
sky130_fd_sc_hd__a222oi_1/C1,0.0023000000,input
sky130_fd_sc_hd__a222oi_1/C2,0.0023450000,input
sky130_fd_sc_hd__a222oi_1/Y,0.0677590000,output
sky130_fd_sc_hd__a22o_1/A1,0.0024120000,input
sky130_fd_sc_hd__a22o_1/A2,0.0024720000,input
sky130_fd_sc_hd__a22o_1/B1,0.0024240000,input
sky130_fd_sc_hd__a22o_1/B2,0.0023810000,input
sky130_fd_sc_hd__a22o_1/X,0.1675510000,output
sky130_fd_sc_hd__a22o_2/A1,0.0023970000,input
sky130_fd_sc_hd__a22o_2/A2,0.0024470000,input
sky130_fd_sc_hd__a22o_2/B1,0.0024110000,input
sky130_fd_sc_hd__a22o_2/B2,0.0023770000,input
sky130_fd_sc_hd__a22o_2/X,0.3176980000,output
sky130_fd_sc_hd__a22o_4/A1,0.0044570000,input
sky130_fd_sc_hd__a22o_4/A2,0.0049330000,input
sky130_fd_sc_hd__a22o_4/B1,0.0044270000,input
sky130_fd_sc_hd__a22o_4/B2,0.0049730000,input
sky130_fd_sc_hd__a22o_4/X,0.5850320000,output
sky130_fd_sc_hd__a22oi_1/A1,0.0024180000,input
sky130_fd_sc_hd__a22oi_1/A2,0.0024450000,input
sky130_fd_sc_hd__a22oi_1/B1,0.0023840000,input
sky130_fd_sc_hd__a22oi_1/B2,0.0023750000,input
sky130_fd_sc_hd__a22oi_1/Y,0.0924780000,output
sky130_fd_sc_hd__a22oi_2/A1,0.0043780000,input
sky130_fd_sc_hd__a22oi_2/A2,0.0044960000,input
sky130_fd_sc_hd__a22oi_2/B1,0.0043250000,input
sky130_fd_sc_hd__a22oi_2/B2,0.0043690000,input
sky130_fd_sc_hd__a22oi_2/Y,0.1785380000,output
sky130_fd_sc_hd__a22oi_4/A1,0.0085490000,input
sky130_fd_sc_hd__a22oi_4/A2,0.0088920000,input
sky130_fd_sc_hd__a22oi_4/B1,0.0085290000,input
sky130_fd_sc_hd__a22oi_4/B2,0.0087530000,input
sky130_fd_sc_hd__a22oi_4/Y,0.3103740000,output
sky130_fd_sc_hd__a2bb2o_1/A1_N,0.0014080000,input
sky130_fd_sc_hd__a2bb2o_1/A2_N,0.0014620000,input
sky130_fd_sc_hd__a2bb2o_1/B1,0.0015240000,input
sky130_fd_sc_hd__a2bb2o_1/B2,0.0015960000,input
sky130_fd_sc_hd__a2bb2o_1/X,0.1648050000,output
sky130_fd_sc_hd__a2bb2o_2/A1_N,0.0016960000,input
sky130_fd_sc_hd__a2bb2o_2/A2_N,0.0017420000,input
sky130_fd_sc_hd__a2bb2o_2/B1,0.0017710000,input
sky130_fd_sc_hd__a2bb2o_2/B2,0.0018390000,input
sky130_fd_sc_hd__a2bb2o_2/X,0.3158670000,output
sky130_fd_sc_hd__a2bb2o_4/A1_N,0.0050290000,input
sky130_fd_sc_hd__a2bb2o_4/A2_N,0.0045380000,input
sky130_fd_sc_hd__a2bb2o_4/B1,0.0049140000,input
sky130_fd_sc_hd__a2bb2o_4/B2,0.0044850000,input
sky130_fd_sc_hd__a2bb2o_4/X,0.5310160000,output
sky130_fd_sc_hd__a2bb2oi_1/A1_N,0.0024440000,input
sky130_fd_sc_hd__a2bb2oi_1/A2_N,0.0025340000,input
sky130_fd_sc_hd__a2bb2oi_1/B1,0.0024110000,input
sky130_fd_sc_hd__a2bb2oi_1/B2,0.0024800000,input
sky130_fd_sc_hd__a2bb2oi_1/Y,0.0723370000,output
sky130_fd_sc_hd__a2bb2oi_2/A1_N,0.0047040000,input
sky130_fd_sc_hd__a2bb2oi_2/A2_N,0.0045390000,input
sky130_fd_sc_hd__a2bb2oi_2/B1,0.0049400000,input
sky130_fd_sc_hd__a2bb2oi_2/B2,0.0044530000,input
sky130_fd_sc_hd__a2bb2oi_2/Y,0.1364240000,output
sky130_fd_sc_hd__a2bb2oi_4/A1_N,0.0090290000,input
sky130_fd_sc_hd__a2bb2oi_4/A2_N,0.0089540000,input
sky130_fd_sc_hd__a2bb2oi_4/B1,0.0094530000,input
sky130_fd_sc_hd__a2bb2oi_4/B2,0.0087430000,input
sky130_fd_sc_hd__a2bb2oi_4/Y,0.2380470000,output
sky130_fd_sc_hd__a311o_1/A1,0.0023380000,input
sky130_fd_sc_hd__a311o_1/A2,0.0023710000,input
sky130_fd_sc_hd__a311o_1/A3,0.0024460000,input
sky130_fd_sc_hd__a311o_1/B1,0.0023940000,input
sky130_fd_sc_hd__a311o_1/C1,0.0023010000,input
sky130_fd_sc_hd__a311o_1/X,0.1510720000,output
sky130_fd_sc_hd__a311o_2/A1,0.0023390000,input
sky130_fd_sc_hd__a311o_2/A2,0.0023680000,input
sky130_fd_sc_hd__a311o_2/A3,0.0024120000,input
sky130_fd_sc_hd__a311o_2/B1,0.0023230000,input
sky130_fd_sc_hd__a311o_2/C1,0.0022760000,input
sky130_fd_sc_hd__a311o_2/X,0.3167820000,output
sky130_fd_sc_hd__a311o_4/A1,0.0043590000,input
sky130_fd_sc_hd__a311o_4/A2,0.0044440000,input
sky130_fd_sc_hd__a311o_4/A3,0.0045150000,input
sky130_fd_sc_hd__a311o_4/B1,0.0043770000,input
sky130_fd_sc_hd__a311o_4/C1,0.0043390000,input
sky130_fd_sc_hd__a311o_4/X,0.4742530000,output
sky130_fd_sc_hd__a311oi_1/A1,0.0024330000,input
sky130_fd_sc_hd__a311oi_1/A2,0.0024050000,input
sky130_fd_sc_hd__a311oi_1/A3,0.0023810000,input
sky130_fd_sc_hd__a311oi_1/B1,0.0023880000,input
sky130_fd_sc_hd__a311oi_1/C1,0.0023290000,input
sky130_fd_sc_hd__a311oi_1/Y,0.0467020000,output
sky130_fd_sc_hd__a311oi_2/A1,0.0045500000,input
sky130_fd_sc_hd__a311oi_2/A2,0.0044560000,input
sky130_fd_sc_hd__a311oi_2/A3,0.0045090000,input
sky130_fd_sc_hd__a311oi_2/B1,0.0044200000,input
sky130_fd_sc_hd__a311oi_2/C1,0.0043980000,input
sky130_fd_sc_hd__a311oi_2/Y,0.0879010000,output
sky130_fd_sc_hd__a311oi_4/A1,0.0086680000,input
sky130_fd_sc_hd__a311oi_4/A2,0.0086680000,input
sky130_fd_sc_hd__a311oi_4/A3,0.0088820000,input
sky130_fd_sc_hd__a311oi_4/B1,0.0084860000,input
sky130_fd_sc_hd__a311oi_4/C1,0.0086220000,input
sky130_fd_sc_hd__a311oi_4/Y,0.1400860000,output
sky130_fd_sc_hd__a31o_1/A1,0.0024070000,input
sky130_fd_sc_hd__a31o_1/A2,0.0024390000,input
sky130_fd_sc_hd__a31o_1/A3,0.0024570000,input
sky130_fd_sc_hd__a31o_1/B1,0.0023750000,input
sky130_fd_sc_hd__a31o_1/X,0.1702980000,output
sky130_fd_sc_hd__a31o_2/A1,0.0024350000,input
sky130_fd_sc_hd__a31o_2/A2,0.0024170000,input
sky130_fd_sc_hd__a31o_2/A3,0.0024500000,input
sky130_fd_sc_hd__a31o_2/B1,0.0023860000,input
sky130_fd_sc_hd__a31o_2/X,0.2829080000,output
sky130_fd_sc_hd__a31o_4/A1,0.0043920000,input
sky130_fd_sc_hd__a31o_4/A2,0.0048800000,input
sky130_fd_sc_hd__a31o_4/A3,0.0050680000,input
sky130_fd_sc_hd__a31o_4/B1,0.0045740000,input
sky130_fd_sc_hd__a31o_4/X,0.5236910000,output
sky130_fd_sc_hd__a31oi_1/A1,0.0023580000,input
sky130_fd_sc_hd__a31oi_1/A2,0.0024880000,input
sky130_fd_sc_hd__a31oi_1/A3,0.0023930000,input
sky130_fd_sc_hd__a31oi_1/B1,0.0023360000,input
sky130_fd_sc_hd__a31oi_1/Y,0.0686750000,output
sky130_fd_sc_hd__a31oi_2/A1,0.0045760000,input
sky130_fd_sc_hd__a31oi_2/A2,0.0044650000,input
sky130_fd_sc_hd__a31oi_2/A3,0.0045350000,input
sky130_fd_sc_hd__a31oi_2/B1,0.0044910000,input
sky130_fd_sc_hd__a31oi_2/Y,0.1245220000,output
sky130_fd_sc_hd__a31oi_4/A1,0.0086660000,input
sky130_fd_sc_hd__a31oi_4/A2,0.0086700000,input
sky130_fd_sc_hd__a31oi_4/A3,0.0089080000,input
sky130_fd_sc_hd__a31oi_4/B1,0.0087050000,input
sky130_fd_sc_hd__a31oi_4/Y,0.2206520000,output
sky130_fd_sc_hd__a32o_1/A1,0.0024110000,input
sky130_fd_sc_hd__a32o_1/A2,0.0024050000,input
sky130_fd_sc_hd__a32o_1/A3,0.0024310000,input
sky130_fd_sc_hd__a32o_1/B1,0.0024290000,input
sky130_fd_sc_hd__a32o_1/B2,0.0023290000,input
sky130_fd_sc_hd__a32o_1/X,0.1602270000,output
sky130_fd_sc_hd__a32o_2/A1,0.0023520000,input
sky130_fd_sc_hd__a32o_2/A2,0.0024100000,input
sky130_fd_sc_hd__a32o_2/A3,0.0023730000,input
sky130_fd_sc_hd__a32o_2/B1,0.0023350000,input
sky130_fd_sc_hd__a32o_2/B2,0.0025210000,input
sky130_fd_sc_hd__a32o_2/X,0.2764990000,output
sky130_fd_sc_hd__a32o_4/A1,0.0043890000,input
sky130_fd_sc_hd__a32o_4/A2,0.0044080000,input
sky130_fd_sc_hd__a32o_4/A3,0.0046080000,input
sky130_fd_sc_hd__a32o_4/B1,0.0044420000,input
sky130_fd_sc_hd__a32o_4/B2,0.0043770000,input
sky130_fd_sc_hd__a32o_4/X,0.5667210000,output
sky130_fd_sc_hd__a32oi_1/A1,0.0023680000,input
sky130_fd_sc_hd__a32oi_1/A2,0.0024160000,input
sky130_fd_sc_hd__a32oi_1/A3,0.0023790000,input
sky130_fd_sc_hd__a32oi_1/B1,0.0023890000,input
sky130_fd_sc_hd__a32oi_1/B2,0.0023600000,input
sky130_fd_sc_hd__a32oi_1/Y,0.0897320000,output
sky130_fd_sc_hd__a32oi_2/A1,0.0044690000,input
sky130_fd_sc_hd__a32oi_2/A2,0.0044520000,input
sky130_fd_sc_hd__a32oi_2/A3,0.0046200000,input
sky130_fd_sc_hd__a32oi_2/B1,0.0043150000,input
sky130_fd_sc_hd__a32oi_2/B2,0.0043990000,input
sky130_fd_sc_hd__a32oi_2/Y,0.1638890000,output
sky130_fd_sc_hd__a32oi_4/A1,0.0085740000,input
sky130_fd_sc_hd__a32oi_4/A2,0.0084750000,input
sky130_fd_sc_hd__a32oi_4/A3,0.0087800000,input
sky130_fd_sc_hd__a32oi_4/B1,0.0084150000,input
sky130_fd_sc_hd__a32oi_4/B2,0.0086700000,input
sky130_fd_sc_hd__a32oi_4/Y,0.2645970000,output
sky130_fd_sc_hd__a41o_1/A1,0.0023690000,input
sky130_fd_sc_hd__a41o_1/A2,0.0024250000,input
sky130_fd_sc_hd__a41o_1/A3,0.0024120000,input
sky130_fd_sc_hd__a41o_1/A4,0.0023780000,input
sky130_fd_sc_hd__a41o_1/B1,0.0024690000,input
sky130_fd_sc_hd__a41o_1/X,0.1730450000,output
sky130_fd_sc_hd__a41o_2/A1,0.0023380000,input
sky130_fd_sc_hd__a41o_2/A2,0.0023990000,input
sky130_fd_sc_hd__a41o_2/A3,0.0023900000,input
sky130_fd_sc_hd__a41o_2/A4,0.0024360000,input
sky130_fd_sc_hd__a41o_2/B1,0.0023980000,input
sky130_fd_sc_hd__a41o_2/X,0.3405860000,output
sky130_fd_sc_hd__a41o_4/A1,0.0043360000,input
sky130_fd_sc_hd__a41o_4/A2,0.0043510000,input
sky130_fd_sc_hd__a41o_4/A3,0.0045320000,input
sky130_fd_sc_hd__a41o_4/A4,0.0045400000,input
sky130_fd_sc_hd__a41o_4/B1,0.0046250000,input
sky130_fd_sc_hd__a41o_4/X,0.5877780000,output
sky130_fd_sc_hd__a41oi_1/A1,0.0022950000,input
sky130_fd_sc_hd__a41oi_1/A2,0.0023550000,input
sky130_fd_sc_hd__a41oi_1/A3,0.0023970000,input
sky130_fd_sc_hd__a41oi_1/A4,0.0024500000,input
sky130_fd_sc_hd__a41oi_1/B1,0.0023790000,input
sky130_fd_sc_hd__a41oi_1/Y,0.0695900000,output
sky130_fd_sc_hd__a41oi_2/A1,0.0043220000,input
sky130_fd_sc_hd__a41oi_2/A2,0.0043430000,input
sky130_fd_sc_hd__a41oi_2/A3,0.0045370000,input
sky130_fd_sc_hd__a41oi_2/A4,0.0045660000,input
sky130_fd_sc_hd__a41oi_2/B1,0.0045810000,input
sky130_fd_sc_hd__a41oi_2/Y,0.1300150000,output
sky130_fd_sc_hd__a41oi_4/A1,0.0085560000,input
sky130_fd_sc_hd__a41oi_4/A2,0.0085870000,input
sky130_fd_sc_hd__a41oi_4/A3,0.0085300000,input
sky130_fd_sc_hd__a41oi_4/A4,0.0087900000,input
sky130_fd_sc_hd__a41oi_4/B1,0.0086630000,input
sky130_fd_sc_hd__a41oi_4/Y,0.2041730000,output
sky130_fd_sc_hd__and2_0/A,0.0016280000,input
sky130_fd_sc_hd__and2_0/B,0.0016730000,input
sky130_fd_sc_hd__and2_0/X,0.1098730000,output
sky130_fd_sc_hd__and2_1/A,0.0014890000,input
sky130_fd_sc_hd__and2_1/B,0.0015310000,input
sky130_fd_sc_hd__and2_1/X,0.1675510000,output
sky130_fd_sc_hd__and2_2/A,0.0014780000,input
sky130_fd_sc_hd__and2_2/B,0.0015070000,input
sky130_fd_sc_hd__and2_2/X,0.3195290000,output
sky130_fd_sc_hd__and2_4/A,0.0023800000,input
sky130_fd_sc_hd__and2_4/B,0.0024960000,input
sky130_fd_sc_hd__and2_4/X,0.5712990000,output
sky130_fd_sc_hd__and2b_1/A_N,0.0015910000,input
sky130_fd_sc_hd__and2b_1/B,0.0016750000,input
sky130_fd_sc_hd__and2b_1/X,0.1785380000,output
sky130_fd_sc_hd__and2b_2/A_N,0.0015860000,input
sky130_fd_sc_hd__and2b_2/B,0.0016490000,input
sky130_fd_sc_hd__and2b_2/X,0.3259380000,output
sky130_fd_sc_hd__and2b_4/A_N,0.0014840000,input
sky130_fd_sc_hd__and2b_4/B,0.0025300000,input
sky130_fd_sc_hd__and2b_4/X,0.4916480000,output
sky130_fd_sc_hd__and3_1/A,0.0015030000,input
sky130_fd_sc_hd__and3_1/B,0.0015480000,input
sky130_fd_sc_hd__and3_1/C,0.0015920000,input
sky130_fd_sc_hd__and3_1/X,0.1648050000,output
sky130_fd_sc_hd__and3_2/A,0.0014530000,input
sky130_fd_sc_hd__and3_2/B,0.0015330000,input
sky130_fd_sc_hd__and3_2/C,0.0015590000,input
sky130_fd_sc_hd__and3_2/X,0.3250220000,output
sky130_fd_sc_hd__and3_4/A,0.0025330000,input
sky130_fd_sc_hd__and3_4/B,0.0024490000,input
sky130_fd_sc_hd__and3_4/C,0.0024790000,input
sky130_fd_sc_hd__and3_4/X,0.5639750000,output
sky130_fd_sc_hd__and3b_1/A_N,0.0015610000,input
sky130_fd_sc_hd__and3b_1/B,0.0015510000,input
sky130_fd_sc_hd__and3b_1/C,0.0015840000,input
sky130_fd_sc_hd__and3b_1/X,0.1648050000,output
sky130_fd_sc_hd__and3b_2/A_N,0.0014410000,input
sky130_fd_sc_hd__and3b_2/B,0.0015290000,input
sky130_fd_sc_hd__and3b_2/C,0.0015500000,input
sky130_fd_sc_hd__and3b_2/X,0.3250220000,output
sky130_fd_sc_hd__and3b_4/A_N,0.0016080000,input
sky130_fd_sc_hd__and3b_4/B,0.0024250000,input
sky130_fd_sc_hd__and3b_4/C,0.0024570000,input
sky130_fd_sc_hd__and3b_4/X,0.4824930000,output
sky130_fd_sc_hd__and4_1/A,0.0015600000,input
sky130_fd_sc_hd__and4_1/B,0.0015790000,input
sky130_fd_sc_hd__and4_1/C,0.0015700000,input
sky130_fd_sc_hd__and4_1/D,0.0015970000,input
sky130_fd_sc_hd__and4_1/X,0.1702980000,output
sky130_fd_sc_hd__and4_2/A,0.0015220000,input
sky130_fd_sc_hd__and4_2/B,0.0015500000,input
sky130_fd_sc_hd__and4_2/C,0.0015480000,input
sky130_fd_sc_hd__and4_2/D,0.0015680000,input
sky130_fd_sc_hd__and4_2/X,0.3176980000,output
sky130_fd_sc_hd__and4_4/A,0.0024050000,input
sky130_fd_sc_hd__and4_4/B,0.0024760000,input
sky130_fd_sc_hd__and4_4/C,0.0024280000,input
sky130_fd_sc_hd__and4_4/D,0.0024080000,input
sky130_fd_sc_hd__and4_4/X,0.5621440000,output
sky130_fd_sc_hd__and4b_1/A_N,0.0016200000,input
sky130_fd_sc_hd__and4b_1/B,0.0016040000,input
sky130_fd_sc_hd__and4b_1/C,0.0015790000,input
sky130_fd_sc_hd__and4b_1/D,0.0016290000,input
sky130_fd_sc_hd__and4b_1/X,0.1638890000,output
sky130_fd_sc_hd__and4b_2/A_N,0.0015620000,input
sky130_fd_sc_hd__and4b_2/B,0.0015950000,input
sky130_fd_sc_hd__and4b_2/C,0.0015870000,input
sky130_fd_sc_hd__and4b_2/D,0.0015920000,input
sky130_fd_sc_hd__and4b_2/X,0.3131200000,output
sky130_fd_sc_hd__and4b_4/A_N,0.0015710000,input
sky130_fd_sc_hd__and4b_4/B,0.0023510000,input
sky130_fd_sc_hd__and4b_4/C,0.0023730000,input
sky130_fd_sc_hd__and4b_4/D,0.0023960000,input
sky130_fd_sc_hd__and4b_4/X,0.4852390000,output
sky130_fd_sc_hd__and4bb_1/A_N,0.0015400000,input
sky130_fd_sc_hd__and4bb_1/B_N,0.0015520000,input
sky130_fd_sc_hd__and4bb_1/C,0.0015100000,input
sky130_fd_sc_hd__and4bb_1/D,0.0015470000,input
sky130_fd_sc_hd__and4bb_1/X,0.1638890000,output
sky130_fd_sc_hd__and4bb_2/A_N,0.0015350000,input
sky130_fd_sc_hd__and4bb_2/B_N,0.0015310000,input
sky130_fd_sc_hd__and4bb_2/C,0.0015220000,input
sky130_fd_sc_hd__and4bb_2/D,0.0015500000,input
sky130_fd_sc_hd__and4bb_2/X,0.2829080000,output
sky130_fd_sc_hd__and4bb_4/A_N,0.0015190000,input
sky130_fd_sc_hd__and4bb_4/B_N,0.0015740000,input
sky130_fd_sc_hd__and4bb_4/C,0.0024220000,input
sky130_fd_sc_hd__and4bb_4/D,0.0024690000,input
sky130_fd_sc_hd__and4bb_4/X,0.4852390000,output
sky130_fd_sc_hd__buf_1/A,0.0021520000,input
sky130_fd_sc_hd__buf_1/X,0.1309300000,output
sky130_fd_sc_hd__buf_12/A,0.0094480000,input
sky130_fd_sc_hd__buf_12/X,5.0000000000,output
sky130_fd_sc_hd__buf_16/A,0.0140330000,input
sky130_fd_sc_hd__buf_16/X,5.0000000000,output
sky130_fd_sc_hd__buf_2/A,0.0017720000,input
sky130_fd_sc_hd__buf_2/X,0.3314310000,output
sky130_fd_sc_hd__buf_4/A,0.0024670000,input
sky130_fd_sc_hd__buf_4/X,0.5941870000,output
sky130_fd_sc_hd__buf_6/A,0.0047510000,input
sky130_fd_sc_hd__buf_6/X,0.8331400000,output
sky130_fd_sc_hd__buf_8/A,0.0072030000,input
sky130_fd_sc_hd__buf_8/X,5.0000000000,output
sky130_fd_sc_hd__bufbuf_16/A,0.0023830000,input
sky130_fd_sc_hd__bufbuf_16/X,1.5582370000,output
sky130_fd_sc_hd__bufbuf_8/A,0.0017950000,input
sky130_fd_sc_hd__bufbuf_8/X,0.9924410000,output
sky130_fd_sc_hd__bufinv_16/A,0.0069630000,input
sky130_fd_sc_hd__bufinv_16/Y,1.5774630000,output
sky130_fd_sc_hd__bufinv_8/A,0.0023890000,input
sky130_fd_sc_hd__bufinv_8/Y,0.9951880000,output
sky130_fd_sc_hd__clkbuf_1/A,0.0021470000,input
sky130_fd_sc_hd__clkbuf_1/X,0.1309300000,output
sky130_fd_sc_hd__clkbuf_16/A,0.0076300000,input
sky130_fd_sc_hd__clkbuf_16/X,1.6030980000,output
sky130_fd_sc_hd__clkbuf_2/A,0.0022490000,input
sky130_fd_sc_hd__clkbuf_2/X,0.2929790000,output
sky130_fd_sc_hd__clkbuf_4/A,0.0021690000,input
sky130_fd_sc_hd__clkbuf_4/X,0.5438330000,output
sky130_fd_sc_hd__clkbuf_8/A,0.0040410000,input
sky130_fd_sc_hd__clkbuf_8/X,0.9585670000,output
sky130_fd_sc_hd__clkdlybuf4s15_1/A,0.0022660000,input
sky130_fd_sc_hd__clkdlybuf4s15_1/X,0.1693830000,output
sky130_fd_sc_hd__clkdlybuf4s15_2/A,0.0022700000,input
sky130_fd_sc_hd__clkdlybuf4s15_2/X,0.2966410000,output
sky130_fd_sc_hd__clkdlybuf4s18_1/A,0.0022690000,input
sky130_fd_sc_hd__clkdlybuf4s18_1/X,0.1693830000,output
sky130_fd_sc_hd__clkdlybuf4s18_2/A,0.0022730000,input
sky130_fd_sc_hd__clkdlybuf4s18_2/X,0.3131200000,output
sky130_fd_sc_hd__clkdlybuf4s25_1/A,0.0022750000,input
sky130_fd_sc_hd__clkdlybuf4s25_1/X,0.1611430000,output
sky130_fd_sc_hd__clkdlybuf4s25_2/A,0.0022750000,input
sky130_fd_sc_hd__clkdlybuf4s25_2/X,0.3149510000,output
sky130_fd_sc_hd__clkdlybuf4s50_1/A,0.0022380000,input
sky130_fd_sc_hd__clkdlybuf4s50_1/X,0.1657200000,output
sky130_fd_sc_hd__clkdlybuf4s50_2/A,0.0022300000,input
sky130_fd_sc_hd__clkdlybuf4s50_2/X,0.3103740000,output
sky130_fd_sc_hd__clkinv_1/A,0.0031660000,input
sky130_fd_sc_hd__clkinv_1/Y,0.1693830000,output
sky130_fd_sc_hd__clkinv_16/A,0.0388850000,input
sky130_fd_sc_hd__clkinv_16/Y,2.1460050000,output
sky130_fd_sc_hd__clkinv_2/A,0.0053560000,input
sky130_fd_sc_hd__clkinv_2/Y,0.3497410000,output
sky130_fd_sc_hd__clkinv_4/A,0.0105940000,input
sky130_fd_sc_hd__clkinv_4/Y,0.6994730000,output
sky130_fd_sc_hd__clkinv_8/A,0.0209320000,input
sky130_fd_sc_hd__clkinv_8/Y,1.2854100000,output
sky130_fd_sc_hd__clkinvlp_2/A,0.0047080000,input
sky130_fd_sc_hd__clkinvlp_2/Y,0.1336770000,output
sky130_fd_sc_hd__clkinvlp_4/A,0.0090070000,input
sky130_fd_sc_hd__clkinvlp_4/Y,0.2755840000,output
sky130_fd_sc_hd__conb_1/HI,1.7899000000,output
sky130_fd_sc_hd__conb_1/LO,1.9210000000,output
sky130_fd_sc_hd__dfbbn_1/CLK_N,0.0018220000,input
sky130_fd_sc_hd__dfbbn_1/D,0.0016250000,input
sky130_fd_sc_hd__dfbbn_1/Q,0.1767070000,output
sky130_fd_sc_hd__dfbbn_1/Q_N,0.1611430000,output
sky130_fd_sc_hd__dfbbn_1/RESET_B,0.0016690000,input
sky130_fd_sc_hd__dfbbn_1/SET_B,0.0035180000,input
sky130_fd_sc_hd__dfbbn_2/CLK_N,0.0018420000,input
sky130_fd_sc_hd__dfbbn_2/D,0.0016220000,input
sky130_fd_sc_hd__dfbbn_2/Q,0.3296000000,output
sky130_fd_sc_hd__dfbbn_2/Q_N,0.3030490000,output
sky130_fd_sc_hd__dfbbn_2/RESET_B,0.0016690000,input
sky130_fd_sc_hd__dfbbn_2/SET_B,0.0035050000,input
sky130_fd_sc_hd__dfbbp_1/CLK,0.0018330000,input
sky130_fd_sc_hd__dfbbp_1/D,0.0016260000,input
sky130_fd_sc_hd__dfbbp_1/Q,0.1767070000,output
sky130_fd_sc_hd__dfbbp_1/Q_N,0.1611430000,output
sky130_fd_sc_hd__dfbbp_1/RESET_B,0.0016340000,input
sky130_fd_sc_hd__dfbbp_1/SET_B,0.0034890000,input
sky130_fd_sc_hd__dfrbp_1/CLK,0.0018420000,input
sky130_fd_sc_hd__dfrbp_1/D,0.0020080000,input
sky130_fd_sc_hd__dfrbp_1/Q,0.1748760000,output
sky130_fd_sc_hd__dfrbp_1/Q_N,0.1803690000,output
sky130_fd_sc_hd__dfrbp_1/RESET_B,0.0035960000,input
sky130_fd_sc_hd__dfrbp_2/CLK,0.0018460000,input
sky130_fd_sc_hd__dfrbp_2/D,0.0020090000,input
sky130_fd_sc_hd__dfrbp_2/Q,0.2655130000,output
sky130_fd_sc_hd__dfrbp_2/Q_N,0.3057960000,output
sky130_fd_sc_hd__dfrbp_2/RESET_B,0.0036000000,input
sky130_fd_sc_hd__dfrtn_1/CLK_N,0.0018360000,input
sky130_fd_sc_hd__dfrtn_1/D,0.0020020000,input
sky130_fd_sc_hd__dfrtn_1/Q,0.1831150000,output
sky130_fd_sc_hd__dfrtn_1/RESET_B,0.0036190000,input
sky130_fd_sc_hd__dfrtp_1/CLK,0.0018420000,input
sky130_fd_sc_hd__dfrtp_1/D,0.0020090000,input
sky130_fd_sc_hd__dfrtp_1/Q,0.1831150000,output
sky130_fd_sc_hd__dfrtp_1/RESET_B,0.0036130000,input
sky130_fd_sc_hd__dfrtp_2/CLK,0.0018340000,input
sky130_fd_sc_hd__dfrtp_2/D,0.0020080000,input
sky130_fd_sc_hd__dfrtp_2/Q,0.3387550000,output
sky130_fd_sc_hd__dfrtp_2/RESET_B,0.0036000000,input
sky130_fd_sc_hd__dfrtp_4/CLK,0.0018420000,input
sky130_fd_sc_hd__dfrtp_4/D,0.0020090000,input
sky130_fd_sc_hd__dfrtp_4/Q,0.5813700000,output
sky130_fd_sc_hd__dfrtp_4/RESET_B,0.0036010000,input
sky130_fd_sc_hd__dfsbp_1/CLK,0.0018220000,input
sky130_fd_sc_hd__dfsbp_1/D,0.0024090000,input
sky130_fd_sc_hd__dfsbp_1/Q,0.1748760000,output
sky130_fd_sc_hd__dfsbp_1/Q_N,0.1876930000,output
sky130_fd_sc_hd__dfsbp_1/SET_B,0.0034550000,input
sky130_fd_sc_hd__dfsbp_2/CLK,0.0018250000,input
sky130_fd_sc_hd__dfsbp_2/D,0.0024090000,input
sky130_fd_sc_hd__dfsbp_2/Q,0.3305150000,output
sky130_fd_sc_hd__dfsbp_2/Q_N,0.3360080000,output
sky130_fd_sc_hd__dfsbp_2/SET_B,0.0034460000,input
sky130_fd_sc_hd__dfstp_1/CLK,0.0018210000,input
sky130_fd_sc_hd__dfstp_1/D,0.0024090000,input
sky130_fd_sc_hd__dfstp_1/Q,0.1757910000,output
sky130_fd_sc_hd__dfstp_1/SET_B,0.0034420000,input
sky130_fd_sc_hd__dfstp_2/CLK,0.0018380000,input
sky130_fd_sc_hd__dfstp_2/D,0.0024090000,input
sky130_fd_sc_hd__dfstp_2/Q,0.3296000000,output
sky130_fd_sc_hd__dfstp_2/SET_B,0.0034500000,input
sky130_fd_sc_hd__dfstp_4/CLK,0.0018230000,input
sky130_fd_sc_hd__dfstp_4/D,0.0024090000,input
sky130_fd_sc_hd__dfstp_4/Q,0.6591890000,output
sky130_fd_sc_hd__dfstp_4/SET_B,0.0034460000,input
sky130_fd_sc_hd__dfxbp_1/CLK,0.0018360000,input
sky130_fd_sc_hd__dfxbp_1/D,0.0017080000,input
sky130_fd_sc_hd__dfxbp_1/Q,0.1693830000,output
sky130_fd_sc_hd__dfxbp_1/Q_N,0.1831150000,output
sky130_fd_sc_hd__dfxbp_2/CLK,0.0018370000,input
sky130_fd_sc_hd__dfxbp_2/D,0.0017080000,input
sky130_fd_sc_hd__dfxbp_2/Q,0.3076270000,output
sky130_fd_sc_hd__dfxbp_2/Q_N,0.3387550000,output
sky130_fd_sc_hd__dfxtp_1/CLK,0.0018410000,input
sky130_fd_sc_hd__dfxtp_1/D,0.0017080000,input
sky130_fd_sc_hd__dfxtp_1/Q,0.1712140000,output
sky130_fd_sc_hd__dfxtp_2/CLK,0.0018470000,input
sky130_fd_sc_hd__dfxtp_2/D,0.0017080000,input
sky130_fd_sc_hd__dfxtp_2/Q,0.3195290000,output
sky130_fd_sc_hd__dfxtp_4/CLK,0.0018440000,input
sky130_fd_sc_hd__dfxtp_4/D,0.0015840000,input
sky130_fd_sc_hd__dfxtp_4/Q,0.5786230000,output
sky130_fd_sc_hd__diode_2/DIODE,0.0008890000,input
sky130_fd_sc_hd__dlclkp_1/CLK,0.0042570000,input
sky130_fd_sc_hd__dlclkp_1/GATE,0.0018210000,input
sky130_fd_sc_hd__dlclkp_1/GCLK,0.1611430000,output
sky130_fd_sc_hd__dlclkp_1/GATE,0.0018560000,input
sky130_fd_sc_hd__dlclkp_1/GCLK,0.3112890000,output
sky130_fd_sc_hd__dlclkp_1/GATE,0.0017060000,input
sky130_fd_sc_hd__dlclkp_1/GCLK,0.5383400000,output
sky130_fd_sc_hd__dlclkp_1/GATE_N,0.0018150000,input
sky130_fd_sc_hd__dlclkp_1/Q,0.1712140000,output
sky130_fd_sc_hd__dlclkp_1/Q_N,0.1767070000,output
sky130_fd_sc_hd__dlclkp_1/RESET_B,0.0025550000,input
sky130_fd_sc_hd__dlrbn_2/D,0.0018460000,input
sky130_fd_sc_hd__dlrbn_2/GATE_N,0.0018300000,input
sky130_fd_sc_hd__dlrbn_2/Q,0.3021340000,output
sky130_fd_sc_hd__dlrbn_2/Q_N,0.3305150000,output
sky130_fd_sc_hd__dlrbn_2/RESET_B,0.0025420000,input
sky130_fd_sc_hd__dlrbp_1/D,0.0018360000,input
sky130_fd_sc_hd__dlrbp_1/GATE,0.0018250000,input
sky130_fd_sc_hd__dlrbp_1/Q,0.1712140000,output
sky130_fd_sc_hd__dlrbp_1/Q_N,0.1767070000,output
sky130_fd_sc_hd__dlrbp_1/RESET_B,0.0025220000,input
sky130_fd_sc_hd__dlrbp_2/D,0.0018360000,input
sky130_fd_sc_hd__dlrbp_2/GATE,0.0018210000,input
sky130_fd_sc_hd__dlrbp_2/Q,0.3048800000,output
sky130_fd_sc_hd__dlrbp_2/Q_N,0.3314310000,output
sky130_fd_sc_hd__dlrbp_2/RESET_B,0.0025320000,input
sky130_fd_sc_hd__dlrtn_1/D,0.0018250000,input
sky130_fd_sc_hd__dlrtn_1/GATE_N,0.0017990000,input
sky130_fd_sc_hd__dlrtn_1/Q,0.1675510000,output
sky130_fd_sc_hd__dlrtn_1/RESET_B,0.0025350000,input
sky130_fd_sc_hd__dlrtn_2/D,0.0018420000,input
sky130_fd_sc_hd__dlrtn_2/GATE_N,0.0017980000,input
sky130_fd_sc_hd__dlrtn_2/Q,0.2984720000,output
sky130_fd_sc_hd__dlrtn_2/RESET_B,0.0025010000,input
sky130_fd_sc_hd__dlrtn_4/D,0.0018390000,input
sky130_fd_sc_hd__dlrtn_4/GATE_N,0.0018060000,input
sky130_fd_sc_hd__dlrtn_4/Q,0.5758770000,output
sky130_fd_sc_hd__dlrtn_4/RESET_B,0.0024480000,input
sky130_fd_sc_hd__dlrtp_1/D,0.0018590000,input
sky130_fd_sc_hd__dlrtp_1/GATE,0.0018030000,input
sky130_fd_sc_hd__dlrtp_1/Q,0.1666360000,output
sky130_fd_sc_hd__dlrtp_1/RESET_B,0.0024880000,input
sky130_fd_sc_hd__dlrtp_2/D,0.0018530000,input
sky130_fd_sc_hd__dlrtp_2/GATE,0.0018110000,input
sky130_fd_sc_hd__dlrtp_2/Q,0.2993870000,output
sky130_fd_sc_hd__dlrtp_2/RESET_B,0.0025100000,input
sky130_fd_sc_hd__dlrtp_4/D,0.0018400000,input
sky130_fd_sc_hd__dlrtp_4/GATE,0.0017900000,input
sky130_fd_sc_hd__dlrtp_4/Q,0.5758770000,output
sky130_fd_sc_hd__dlrtp_4/RESET_B,0.0024490000,input
sky130_fd_sc_hd__dlxbn_1/D,0.0018350000,input
sky130_fd_sc_hd__dlxbn_1/GATE_N,0.0018050000,input
sky130_fd_sc_hd__dlxbn_1/Q,0.1693830000,output
sky130_fd_sc_hd__dlxbn_1/Q_N,0.1767070000,output
sky130_fd_sc_hd__dlxbn_2/D,0.0018420000,input
sky130_fd_sc_hd__dlxbn_2/GATE_N,0.0017990000,input
sky130_fd_sc_hd__dlxbn_2/Q,0.3094580000,output
sky130_fd_sc_hd__dlxbn_2/Q_N,0.3305150000,output
sky130_fd_sc_hd__dlxbp_1/D,0.0018430000,input
sky130_fd_sc_hd__dlxbp_1/GATE,0.0018090000,input
sky130_fd_sc_hd__dlxbp_1/Q,0.1693830000,output
sky130_fd_sc_hd__dlxbp_1/Q_N,0.1767070000,output
sky130_fd_sc_hd__dlxtn_1/D,0.0018350000,input
sky130_fd_sc_hd__dlxtn_1/GATE_N,0.0018130000,input
sky130_fd_sc_hd__dlxtn_1/Q,0.1712140000,output
sky130_fd_sc_hd__dlxtn_2/D,0.0018250000,input
sky130_fd_sc_hd__dlxtn_2/GATE_N,0.0017990000,input
sky130_fd_sc_hd__dlxtn_2/Q,0.3204440000,output
sky130_fd_sc_hd__dlxtn_4/D,0.0018320000,input
sky130_fd_sc_hd__dlxtn_4/GATE_N,0.0018050000,input
sky130_fd_sc_hd__dlxtn_4/Q,0.5786230000,output
sky130_fd_sc_hd__dlxtp_1/D,0.0018270000,input
sky130_fd_sc_hd__dlxtp_1/GATE,0.0018040000,input
sky130_fd_sc_hd__dlxtp_1/Q,0.1693830000,output
sky130_fd_sc_hd__dlygate4sd1_1/A,0.0016810000,input
sky130_fd_sc_hd__dlygate4sd1_1/X,0.1666360000,output
sky130_fd_sc_hd__dlygate4sd2_1/A,0.0017110000,input
sky130_fd_sc_hd__dlygate4sd2_1/X,0.1666360000,output
sky130_fd_sc_hd__dlygate4sd3_1/A,0.0016750000,input
sky130_fd_sc_hd__dlygate4sd3_1/X,0.1611430000,output
sky130_fd_sc_hd__dlymetal6s2s_1/A,0.0017000000,input
sky130_fd_sc_hd__dlymetal6s2s_1/X,0.1648050000,output
sky130_fd_sc_hd__dlymetal6s4s_1/A,0.0016960000,input
sky130_fd_sc_hd__dlymetal6s4s_1/X,0.1638890000,output
sky130_fd_sc_hd__dlymetal6s6s_1/A,0.0016980000,input
sky130_fd_sc_hd__dlymetal6s6s_1/X,0.1666360000,output
sky130_fd_sc_hd__ebufn_1/A,0.0018520000,input
sky130_fd_sc_hd__ebufn_1/TE_B,0.0032380000,input
sky130_fd_sc_hd__ebufn_1/Z,0.0022670000,output
sky130_fd_sc_hd__ebufn_2/A,0.0018620000,input
sky130_fd_sc_hd__ebufn_2/TE_B,0.0042290000,input
sky130_fd_sc_hd__ebufn_2/Z,0.0027300000,output
sky130_fd_sc_hd__ebufn_4/A,0.0025520000,input
sky130_fd_sc_hd__ebufn_4/TE_B,0.0071140000,input
sky130_fd_sc_hd__ebufn_4/Z,0.0051690000,output
sky130_fd_sc_hd__ebufn_8/A,0.0045990000,input
sky130_fd_sc_hd__ebufn_8/TE_B,0.0108690000,input
sky130_fd_sc_hd__ebufn_8/Z,0.0096670000,output
sky130_fd_sc_hd__edfxbp_1/CLK,0.0018210000,input
sky130_fd_sc_hd__edfxbp_1/D,0.0018380000,input
sky130_fd_sc_hd__edfxbp_1/DE,0.0033700000,input
sky130_fd_sc_hd__edfxbp_1/Q,0.1794530000,output
sky130_fd_sc_hd__edfxbp_1/Q_N,0.1776220000,output
sky130_fd_sc_hd__edfxtp_1/CLK,0.0018110000,input
sky130_fd_sc_hd__edfxtp_1/D,0.0018370000,input
sky130_fd_sc_hd__edfxtp_1/DE,0.0033690000,input
sky130_fd_sc_hd__edfxtp_1/Q,0.1803690000,output
sky130_fd_sc_hd__einvn_0/A,0.0018500000,input
sky130_fd_sc_hd__einvn_0/TE_B,0.0025590000,input
sky130_fd_sc_hd__einvn_0/Z,0.0014910000,output
sky130_fd_sc_hd__einvn_1/A,0.0024330000,input
sky130_fd_sc_hd__einvn_1/TE_B,0.0031120000,input
sky130_fd_sc_hd__einvn_1/Z,0.0020590000,output
sky130_fd_sc_hd__einvn_2/A,0.0043660000,input
sky130_fd_sc_hd__einvn_2/TE_B,0.0041510000,input
sky130_fd_sc_hd__einvn_2/Z,0.0030290000,output
sky130_fd_sc_hd__einvn_4/A,0.0083790000,input
sky130_fd_sc_hd__einvn_4/TE_B,0.0069250000,input
sky130_fd_sc_hd__einvn_4/Z,0.0048570000,output
sky130_fd_sc_hd__einvn_8/A,0.0169760000,input
sky130_fd_sc_hd__einvn_8/TE_B,0.0105530000,input
sky130_fd_sc_hd__einvn_8/Z,0.0099500000,output
sky130_fd_sc_hd__einvp_1/A,0.0024520000,input
sky130_fd_sc_hd__einvp_1/TE,0.0025650000,input
sky130_fd_sc_hd__einvp_1/Z,0.0019810000,output
sky130_fd_sc_hd__einvp_2/A,0.0044050000,input
sky130_fd_sc_hd__einvp_2/TE,0.0036760000,input
sky130_fd_sc_hd__einvp_2/Z,0.0025430000,output
sky130_fd_sc_hd__einvp_4/A,0.0086300000,input
sky130_fd_sc_hd__einvp_4/TE,0.0060970000,input
sky130_fd_sc_hd__einvp_4/Z,0.0051040000,output
sky130_fd_sc_hd__einvp_8/A,0.0168700000,input
sky130_fd_sc_hd__einvp_8/TE,0.0091110000,input
sky130_fd_sc_hd__einvp_8/Z,0.0098970000,output
sky130_fd_sc_hd__fa_1/A,0.0068510000,input
sky130_fd_sc_hd__fa_1/B,0.0061170000,input
sky130_fd_sc_hd__fa_1/CIN,0.0045740000,input
sky130_fd_sc_hd__fa_1/COUT,0.1638890000,output
sky130_fd_sc_hd__fa_1/SUM,0.1629740000,output
sky130_fd_sc_hd__fa_2/A,0.0078810000,input
sky130_fd_sc_hd__fa_2/B,0.0070920000,input
sky130_fd_sc_hd__fa_2/CIN,0.0051730000,input
sky130_fd_sc_hd__fa_2/COUT,0.3076270000,output
sky130_fd_sc_hd__fa_2/SUM,0.3030490000,output
sky130_fd_sc_hd__fa_4/A,0.0078820000,input
sky130_fd_sc_hd__fa_4/B,0.0071180000,input
sky130_fd_sc_hd__fa_4/CIN,0.0051910000,input
sky130_fd_sc_hd__fa_4/COUT,0.5630590000,output
sky130_fd_sc_hd__fa_4/SUM,0.5484110000,output
sky130_fd_sc_hd__fah_1/A,0.0048270000,input
sky130_fd_sc_hd__fah_1/B,0.0067960000,input
sky130_fd_sc_hd__fah_1/CI,0.0024610000,input
sky130_fd_sc_hd__fah_1/COUT,0.1721290000,output
sky130_fd_sc_hd__fah_1/SUM,0.1702980000,output
sky130_fd_sc_hd__fahcin_1/A,0.0025040000,input
sky130_fd_sc_hd__fahcin_1/B,0.0065130000,input
sky130_fd_sc_hd__fahcin_1/CIN,0.0048430000,input
sky130_fd_sc_hd__fahcin_1/COUT,0.0723370000,output
sky130_fd_sc_hd__fahcin_1/SUM,0.1702980000,output
sky130_fd_sc_hd__fahcon_1/A,0.0025060000,input
sky130_fd_sc_hd__fahcon_1/B,0.0085120000,input
sky130_fd_sc_hd__fahcon_1/CI,0.0048270000,input
sky130_fd_sc_hd__fahcon_1/COUT_N,0.0705060000,output
sky130_fd_sc_hd__fahcon_1/SUM,0.1657200000,output
sky130_fd_sc_hd__ha_1/A,0.0030880000,input
sky130_fd_sc_hd__ha_1/B,0.0028800000,input
sky130_fd_sc_hd__ha_1/COUT,0.1648050000,output
sky130_fd_sc_hd__ha_1/SUM,0.1858620000,output
sky130_fd_sc_hd__ha_2/A,0.0035700000,input
sky130_fd_sc_hd__ha_2/B,0.0033410000,input
sky130_fd_sc_hd__ha_2/COUT,0.3112890000,output
sky130_fd_sc_hd__ha_2/SUM,0.3305150000,output
sky130_fd_sc_hd__ha_4/A,0.0095670000,input
sky130_fd_sc_hd__ha_4/B,0.0082290000,input
sky130_fd_sc_hd__ha_4/COUT,0.5548190000,output
sky130_fd_sc_hd__ha_4/SUM,0.5914400000,output
sky130_fd_sc_hd__inv_1/A,0.0023620000,input
sky130_fd_sc_hd__inv_1/Y,0.1876930000,output
sky130_fd_sc_hd__inv_12/A,0.0267210000,input
sky130_fd_sc_hd__inv_12/Y,1.4877410000,output
sky130_fd_sc_hd__inv_16/A,0.0342610000,input
sky130_fd_sc_hd__inv_16/Y,1.7193700000,output
sky130_fd_sc_hd__inv_2/A,0.0045780000,input
sky130_fd_sc_hd__inv_2/Y,0.3442480000,output
sky130_fd_sc_hd__inv_4/A,0.0092590000,input
sky130_fd_sc_hd__inv_4/Y,0.5886940000,output
sky130_fd_sc_hd__inv_6/A,0.0136450000,input
sky130_fd_sc_hd__inv_6/Y,0.8148290000,output
sky130_fd_sc_hd__inv_8/A,0.0181550000,input
sky130_fd_sc_hd__inv_8/Y,1.0794160000,output
sky130_fd_sc_hd__lpflow_bleeder_1/SHORT,0.0021860000,input
sky130_fd_sc_hd__lpflow_clkbufkapwr_1/A,0.0021460000,input
sky130_fd_sc_hd__lpflow_clkbufkapwr_1/X,0.1318460000,output
sky130_fd_sc_hd__lpflow_clkbufkapwr_16/A,0.0076640000,input
sky130_fd_sc_hd__lpflow_clkbufkapwr_16/X,1.8255710000,output
sky130_fd_sc_hd__lpflow_clkbufkapwr_2/A,0.0022390000,input
sky130_fd_sc_hd__lpflow_clkbufkapwr_2/X,0.2938940000,output
sky130_fd_sc_hd__lpflow_clkbufkapwr_4/A,0.0021780000,input
sky130_fd_sc_hd__lpflow_clkbufkapwr_4/X,0.5502420000,output
sky130_fd_sc_hd__lpflow_clkbufkapwr_8/A,0.0040420000,input
sky130_fd_sc_hd__lpflow_clkbufkapwr_8/X,1.0052590000,output
sky130_fd_sc_hd__lpflow_clkinvkapwr_1/A,0.0031050000,input
sky130_fd_sc_hd__lpflow_clkinvkapwr_1/Y,0.1693830000,output
sky130_fd_sc_hd__lpflow_clkinvkapwr_16/A,0.0394790000,input
sky130_fd_sc_hd__lpflow_clkinvkapwr_16/Y,2.1514990000,output
sky130_fd_sc_hd__lpflow_clkinvkapwr_2/A,0.0053710000,input
sky130_fd_sc_hd__lpflow_clkinvkapwr_2/Y,0.3497410000,output
sky130_fd_sc_hd__lpflow_clkinvkapwr_4/A,0.0106260000,input
sky130_fd_sc_hd__lpflow_clkinvkapwr_4/Y,0.6994730000,output
sky130_fd_sc_hd__lpflow_clkinvkapwr_8/A,0.0210800000,input
sky130_fd_sc_hd__lpflow_clkinvkapwr_8/Y,1.2826630000,output
sky130_fd_sc_hd__lpflow_inputiso0n_1/A,0.0014890000,input
sky130_fd_sc_hd__lpflow_inputiso0n_1/SLEEP_B,0.0015310000,input
sky130_fd_sc_hd__lpflow_inputiso0n_1/X,0.1675510000,output
sky130_fd_sc_hd__lpflow_inputiso0p_1/A,0.0016750000,input
sky130_fd_sc_hd__lpflow_inputiso0p_1/SLEEP,0.0015910000,input
sky130_fd_sc_hd__lpflow_inputiso0p_1/X,0.1785380000,output
sky130_fd_sc_hd__lpflow_inputiso1n_1/A,0.0017610000,input
sky130_fd_sc_hd__lpflow_inputiso1n_1/SLEEP_B,0.0014490000,input
sky130_fd_sc_hd__lpflow_inputiso1n_1/X,0.1776220000,output
sky130_fd_sc_hd__lpflow_inputiso1p_1/A,0.0014870000,input
sky130_fd_sc_hd__lpflow_inputiso1p_1/SLEEP,0.0015060000,input
sky130_fd_sc_hd__lpflow_inputiso1p_1/X,0.1730450000,output
sky130_fd_sc_hd__lpflow_inputisolatch_1/D,0.0016810000,input
sky130_fd_sc_hd__lpflow_inputisolatch_1/Q,0.1712140000,output
sky130_fd_sc_hd__lpflow_inputisolatch_1/SLEEP_B,0.0016990000,input
sky130_fd_sc_hd__lpflow_isobufsrc_1/A,0.0015210000,input
sky130_fd_sc_hd__lpflow_isobufsrc_1/SLEEP,0.0024310000,input
sky130_fd_sc_hd__lpflow_isobufsrc_1/X,0.0860700000,output
sky130_fd_sc_hd__lpflow_isobufsrc_16/A,0.0089960000,input
sky130_fd_sc_hd__lpflow_isobufsrc_16/SLEEP,0.0329380000,input
sky130_fd_sc_hd__lpflow_isobufsrc_16/X,0.5969340000,output
sky130_fd_sc_hd__lpflow_isobufsrc_2/A,0.0014790000,input
sky130_fd_sc_hd__lpflow_isobufsrc_2/SLEEP,0.0044520000,input
sky130_fd_sc_hd__lpflow_isobufsrc_2/X,0.1501560000,output
sky130_fd_sc_hd__lpflow_isobufsrc_4/A,0.0024360000,input
sky130_fd_sc_hd__lpflow_isobufsrc_4/SLEEP,0.0089530000,input
sky130_fd_sc_hd__lpflow_isobufsrc_4/X,0.2691750000,output
sky130_fd_sc_hd__lpflow_isobufsrc_8/A,0.0047370000,input
sky130_fd_sc_hd__lpflow_isobufsrc_8/SLEEP,0.0171750000,input
sky130_fd_sc_hd__lpflow_isobufsrc_8/X,0.4431250000,output
sky130_fd_sc_hd__lpflow_isobufsrckapwr_16/A,0.0024290000,input
sky130_fd_sc_hd__lpflow_isobufsrckapwr_16/SLEEP,0.0090080000,input
sky130_fd_sc_hd__lpflow_isobufsrckapwr_16/X,1.8008520000,output
sky130_fd_sc_hd__lpflow_lsbuf_lh_hl_isowell_tap_1/A,0.0060830000,input
sky130_fd_sc_hd__lpflow_lsbuf_lh_hl_isowell_tap_1/X,0.1290990000,output
sky130_fd_sc_hd__lpflow_lsbuf_lh_hl_isowell_tap_2/A,0.0061020000,input
sky130_fd_sc_hd__lpflow_lsbuf_lh_hl_isowell_tap_2/X,0.3186130000,output
sky130_fd_sc_hd__lpflow_lsbuf_lh_hl_isowell_tap_4/A,0.0060960000,input
sky130_fd_sc_hd__lpflow_lsbuf_lh_hl_isowell_tap_4/X,0.5813700000,output
sky130_fd_sc_hd__lpflow_lsbuf_lh_isowell_4/A,0.0060970000,input
sky130_fd_sc_hd__lpflow_lsbuf_lh_isowell_4/X,0.5813700000,output
sky130_fd_sc_hd__lpflow_lsbuf_lh_isowell_tap_1/A,0.0060840000,input
sky130_fd_sc_hd__lpflow_lsbuf_lh_isowell_tap_1/X,0.1290990000,output
sky130_fd_sc_hd__lpflow_lsbuf_lh_isowell_tap_2/A,0.0061030000,input
sky130_fd_sc_hd__lpflow_lsbuf_lh_isowell_tap_2/X,0.3186130000,output
sky130_fd_sc_hd__lpflow_lsbuf_lh_isowell_tap_4/A,0.0060970000,input
sky130_fd_sc_hd__lpflow_lsbuf_lh_isowell_tap_4/X,0.5795390000,output
sky130_fd_sc_hd__macro_sparecell/LO,1.7768000000,output
sky130_fd_sc_hd__maj3_1/A,0.0028050000,input
sky130_fd_sc_hd__maj3_1/B,0.0025690000,input
sky130_fd_sc_hd__maj3_1/C,0.0030960000,input
sky130_fd_sc_hd__maj3_1/X,0.1648050000,output
sky130_fd_sc_hd__maj3_2/A,0.0033310000,input
sky130_fd_sc_hd__maj3_2/B,0.0030350000,input
sky130_fd_sc_hd__maj3_2/C,0.0038000000,input
sky130_fd_sc_hd__maj3_2/X,0.3222760000,output
sky130_fd_sc_hd__maj3_4/A,0.0045050000,input
sky130_fd_sc_hd__maj3_4/B,0.0041980000,input
sky130_fd_sc_hd__maj3_4/C,0.0050690000,input
sky130_fd_sc_hd__maj3_4/X,0.5676370000,output
sky130_fd_sc_hd__mux2_1/A0,0.0015790000,input
sky130_fd_sc_hd__mux2_1/A1,0.0019060000,input
sky130_fd_sc_hd__mux2_1/S,0.0034660000,input
sky130_fd_sc_hd__mux2_1/X,0.1822000000,output
sky130_fd_sc_hd__mux2_2/A0,0.0019060000,input
sky130_fd_sc_hd__mux2_2/A1,0.0017320000,input
sky130_fd_sc_hd__mux2_2/S,0.0033000000,input
sky130_fd_sc_hd__mux2_2/X,0.3131200000,output
sky130_fd_sc_hd__mux2_4/A0,0.0023070000,input
sky130_fd_sc_hd__mux2_4/A1,0.0023200000,input
sky130_fd_sc_hd__mux2_4/S,0.0052690000,input
sky130_fd_sc_hd__mux2_4/X,0.5658060000,output
sky130_fd_sc_hd__mux2_8/A0,0.0048440000,input
sky130_fd_sc_hd__mux2_8/A1,0.0051790000,input
sky130_fd_sc_hd__mux2_8/S,0.0080470000,input
sky130_fd_sc_hd__mux2_8/X,0.9823710000,output
sky130_fd_sc_hd__mux2i_1/A0,0.0022550000,input
sky130_fd_sc_hd__mux2i_1/A1,0.0023110000,input
sky130_fd_sc_hd__mux2i_1/S,0.0047780000,input
sky130_fd_sc_hd__mux2i_1/Y,0.0723370000,output
sky130_fd_sc_hd__mux2i_2/A0,0.0044160000,input
sky130_fd_sc_hd__mux2i_2/A1,0.0042680000,input
sky130_fd_sc_hd__mux2i_2/S,0.0065920000,input
sky130_fd_sc_hd__mux2i_2/Y,0.1126200000,output
sky130_fd_sc_hd__mux2i_4/A0,0.0082590000,input
sky130_fd_sc_hd__mux2i_4/A1,0.0084400000,input
sky130_fd_sc_hd__mux2i_4/S,0.0114340000,input
sky130_fd_sc_hd__mux2i_4/Y,0.1977640000,output
sky130_fd_sc_hd__mux4_1/A0,0.0015550000,input
sky130_fd_sc_hd__mux4_1/A1,0.0014700000,input
sky130_fd_sc_hd__mux4_1/A2,0.0014960000,input
sky130_fd_sc_hd__mux4_1/A3,0.0015080000,input
sky130_fd_sc_hd__mux4_1/S0,0.0039350000,input
sky130_fd_sc_hd__mux4_1/S1,0.0027130000,input
sky130_fd_sc_hd__mux4_1/X,0.1666360000,output
sky130_fd_sc_hd__mux4_2/A0,0.0018470000,input
sky130_fd_sc_hd__mux4_2/A1,0.0018320000,input
sky130_fd_sc_hd__mux4_2/A2,0.0017810000,input
sky130_fd_sc_hd__mux4_2/A3,0.0017960000,input
sky130_fd_sc_hd__mux4_2/S0,0.0055220000,input
sky130_fd_sc_hd__mux4_2/S1,0.0032240000,input
sky130_fd_sc_hd__mux4_2/X,0.3176980000,output
sky130_fd_sc_hd__mux4_4/A0,0.0018340000,input
sky130_fd_sc_hd__mux4_4/A1,0.0018210000,input
sky130_fd_sc_hd__mux4_4/A2,0.0017850000,input
sky130_fd_sc_hd__mux4_4/A3,0.0017890000,input
sky130_fd_sc_hd__mux4_4/S0,0.0055290000,input
sky130_fd_sc_hd__mux4_4/S1,0.0032260000,input
sky130_fd_sc_hd__mux4_4/X,0.5804540000,output
sky130_fd_sc_hd__nand2_1/A,0.0023710000,input
sky130_fd_sc_hd__nand2_1/B,0.0023870000,input
sky130_fd_sc_hd__nand2_1/Y,0.1730450000,output
sky130_fd_sc_hd__nand2_2/A,0.0045480000,input
sky130_fd_sc_hd__nand2_2/B,0.0045470000,input
sky130_fd_sc_hd__nand2_2/Y,0.3112890000,output
sky130_fd_sc_hd__nand2_4/A,0.0087620000,input
sky130_fd_sc_hd__nand2_4/B,0.0090960000,input
sky130_fd_sc_hd__nand2_4/Y,0.5566500000,output
sky130_fd_sc_hd__nand2_8/A,0.0174060000,input
sky130_fd_sc_hd__nand2_8/B,0.0177030000,input
sky130_fd_sc_hd__nand2_8/Y,0.9768770000,output
sky130_fd_sc_hd__nand2b_1/A_N,0.0014250000,input
sky130_fd_sc_hd__nand2b_1/B,0.0024620000,input
sky130_fd_sc_hd__nand2b_1/Y,0.1574810000,output
sky130_fd_sc_hd__nand2b_2/A_N,0.0014110000,input
sky130_fd_sc_hd__nand2b_2/B,0.0046930000,input
sky130_fd_sc_hd__nand2b_2/Y,0.3030490000,output
sky130_fd_sc_hd__nand2b_4/A_N,0.0024350000,input
sky130_fd_sc_hd__nand2b_4/B,0.0091260000,input
sky130_fd_sc_hd__nand2b_4/Y,0.5484110000,output
sky130_fd_sc_hd__nand3_1/A,0.0023610000,input
sky130_fd_sc_hd__nand3_1/B,0.0024590000,input
sky130_fd_sc_hd__nand3_1/C,0.0024220000,input
sky130_fd_sc_hd__nand3_1/Y,0.1281840000,output
sky130_fd_sc_hd__nand3_2/A,0.0044580000,input
sky130_fd_sc_hd__nand3_2/B,0.0045920000,input
sky130_fd_sc_hd__nand3_2/C,0.0046340000,input
sky130_fd_sc_hd__nand3_2/Y,0.2215680000,output
sky130_fd_sc_hd__nand3_4/A,0.0089090000,input
sky130_fd_sc_hd__nand3_4/B,0.0088340000,input
sky130_fd_sc_hd__nand3_4/C,0.0090400000,input
sky130_fd_sc_hd__nand3_4/Y,0.4065040000,output
sky130_fd_sc_hd__nand3b_1/A_N,0.0014080000,input
sky130_fd_sc_hd__nand3b_1/B,0.0023850000,input
sky130_fd_sc_hd__nand3b_1/C,0.0023940000,input
sky130_fd_sc_hd__nand3b_1/Y,0.1318460000,output
sky130_fd_sc_hd__nand3b_2/A_N,0.0014780000,input
sky130_fd_sc_hd__nand3b_2/B,0.0046340000,input
sky130_fd_sc_hd__nand3b_2/C,0.0045760000,input
sky130_fd_sc_hd__nand3b_2/Y,0.2270610000,output
sky130_fd_sc_hd__nand3b_4/A_N,0.0024200000,input
sky130_fd_sc_hd__nand3b_4/B,0.0087030000,input
sky130_fd_sc_hd__nand3b_4/C,0.0091250000,input
sky130_fd_sc_hd__nand3b_4/Y,0.4147440000,output
sky130_fd_sc_hd__nand4_1/A,0.0023730000,input
sky130_fd_sc_hd__nand4_1/B,0.0024530000,input
sky130_fd_sc_hd__nand4_1/C,0.0024100000,input
sky130_fd_sc_hd__nand4_1/D,0.0023590000,input
sky130_fd_sc_hd__nand4_1/Y,0.1025490000,output
sky130_fd_sc_hd__nand4_2/A,0.0044120000,input
sky130_fd_sc_hd__nand4_2/B,0.0045050000,input
sky130_fd_sc_hd__nand4_2/C,0.0044420000,input
sky130_fd_sc_hd__nand4_2/D,0.0045730000,input
sky130_fd_sc_hd__nand4_2/Y,0.1702980000,output
sky130_fd_sc_hd__nand4_4/A,0.0087050000,input
sky130_fd_sc_hd__nand4_4/B,0.0087210000,input
sky130_fd_sc_hd__nand4_4/C,0.0087870000,input
sky130_fd_sc_hd__nand4_4/D,0.0090050000,input
sky130_fd_sc_hd__nand4_4/Y,0.3085430000,output
sky130_fd_sc_hd__nand4b_1/A_N,0.0014070000,input
sky130_fd_sc_hd__nand4b_1/B,0.0023720000,input
sky130_fd_sc_hd__nand4b_1/C,0.0023890000,input
sky130_fd_sc_hd__nand4b_1/D,0.0023830000,input
sky130_fd_sc_hd__nand4b_1/Y,0.1025490000,output
sky130_fd_sc_hd__nand4b_2/A_N,0.0015360000,input
sky130_fd_sc_hd__nand4b_2/B,0.0045720000,input
sky130_fd_sc_hd__nand4b_2/C,0.0045780000,input
sky130_fd_sc_hd__nand4b_2/D,0.0046070000,input
sky130_fd_sc_hd__nand4b_2/Y,0.1702980000,output
sky130_fd_sc_hd__nand4b_4/A_N,0.0024360000,input
sky130_fd_sc_hd__nand4b_4/B,0.0087540000,input
sky130_fd_sc_hd__nand4b_4/C,0.0088880000,input
sky130_fd_sc_hd__nand4b_4/D,0.0089980000,input
sky130_fd_sc_hd__nand4b_4/Y,0.3140360000,output
sky130_fd_sc_hd__nand4bb_1/A_N,0.0015760000,input
sky130_fd_sc_hd__nand4bb_1/B_N,0.0015280000,input
sky130_fd_sc_hd__nand4bb_1/C,0.0023510000,input
sky130_fd_sc_hd__nand4bb_1/D,0.0023780000,input
sky130_fd_sc_hd__nand4bb_1/Y,0.1025490000,output
sky130_fd_sc_hd__nand4bb_2/A_N,0.0015290000,input
sky130_fd_sc_hd__nand4bb_2/B_N,0.0015190000,input
sky130_fd_sc_hd__nand4bb_2/C,0.0045950000,input
sky130_fd_sc_hd__nand4bb_2/D,0.0046030000,input
sky130_fd_sc_hd__nand4bb_2/Y,0.1702980000,output
sky130_fd_sc_hd__nand4bb_4/A_N,0.0024450000,input
sky130_fd_sc_hd__nand4bb_4/B_N,0.0024460000,input
sky130_fd_sc_hd__nand4bb_4/C,0.0088460000,input
sky130_fd_sc_hd__nand4bb_4/D,0.0090050000,input
sky130_fd_sc_hd__nand4bb_4/Y,0.3085430000,output
sky130_fd_sc_hd__nor2_1/A,0.0024370000,input
sky130_fd_sc_hd__nor2_1/B,0.0024050000,input
sky130_fd_sc_hd__nor2_1/Y,0.0897320000,output
sky130_fd_sc_hd__nor2_2/A,0.0045290000,input
sky130_fd_sc_hd__nor2_2/B,0.0045400000,input
sky130_fd_sc_hd__nor2_2/Y,0.1483250000,output
sky130_fd_sc_hd__nor2_4/A,0.0090050000,input
sky130_fd_sc_hd__nor2_4/B,0.0088940000,input
sky130_fd_sc_hd__nor2_4/Y,0.2655130000,output
sky130_fd_sc_hd__nor2_8/A,0.0174880000,input
sky130_fd_sc_hd__nor2_8/B,0.0172420000,input
sky130_fd_sc_hd__nor2_8/Y,0.4559420000,output
sky130_fd_sc_hd__nor2b_1/A,0.0024310000,input
sky130_fd_sc_hd__nor2b_1/B_N,0.0015210000,input
sky130_fd_sc_hd__nor2b_1/Y,0.0860700000,output
sky130_fd_sc_hd__nor2b_2/A,0.0044520000,input
sky130_fd_sc_hd__nor2b_2/B_N,0.0014790000,input
sky130_fd_sc_hd__nor2b_2/Y,0.1501560000,output
sky130_fd_sc_hd__nor2b_4/A,0.0089520000,input
sky130_fd_sc_hd__nor2b_4/B_N,0.0024360000,input
sky130_fd_sc_hd__nor2b_4/Y,0.2691750000,output
sky130_fd_sc_hd__nor3_1/A,0.0025070000,input
sky130_fd_sc_hd__nor3_1/B,0.0024370000,input
sky130_fd_sc_hd__nor3_1/C,0.0023730000,input
sky130_fd_sc_hd__nor3_1/Y,0.0549420000,output
sky130_fd_sc_hd__nor3_2/A,0.0045130000,input
sky130_fd_sc_hd__nor3_2/B,0.0044860000,input
sky130_fd_sc_hd__nor3_2/C,0.0044330000,input
sky130_fd_sc_hd__nor3_2/Y,0.0970560000,output
sky130_fd_sc_hd__nor3_4/A,0.0089430000,input
sky130_fd_sc_hd__nor3_4/B,0.0092350000,input
sky130_fd_sc_hd__nor3_4/C,0.0085610000,input
sky130_fd_sc_hd__nor3_4/Y,0.1629740000,output
sky130_fd_sc_hd__nor3b_1/A,0.0024570000,input
sky130_fd_sc_hd__nor3b_1/B,0.0024310000,input
sky130_fd_sc_hd__nor3b_1/C_N,0.0014840000,input
sky130_fd_sc_hd__nor3b_1/Y,0.0521950000,output
sky130_fd_sc_hd__nor3b_2/A,0.0045210000,input
sky130_fd_sc_hd__nor3b_2/B,0.0045870000,input
sky130_fd_sc_hd__nor3b_2/C_N,0.0013060000,input
sky130_fd_sc_hd__nor3b_2/Y,0.0979710000,output
sky130_fd_sc_hd__nor3b_4/A,0.0089830000,input
sky130_fd_sc_hd__nor3b_4/B,0.0086380000,input
sky130_fd_sc_hd__nor3b_4/C_N,0.0024330000,input
sky130_fd_sc_hd__nor3b_4/Y,0.1538190000,output
sky130_fd_sc_hd__nor4_1/A,0.0024000000,input
sky130_fd_sc_hd__nor4_1/B,0.0024010000,input
sky130_fd_sc_hd__nor4_1/C,0.0024640000,input
sky130_fd_sc_hd__nor4_1/D,0.0023910000,input
sky130_fd_sc_hd__nor4_1/Y,0.0384620000,output
sky130_fd_sc_hd__nor4_2/A,0.0044870000,input
sky130_fd_sc_hd__nor4_2/B,0.0044180000,input
sky130_fd_sc_hd__nor4_2/C,0.0043950000,input
sky130_fd_sc_hd__nor4_2/D,0.0043820000,input
sky130_fd_sc_hd__nor4_2/Y,0.0677590000,output
sky130_fd_sc_hd__nor4_4/A,0.0089040000,input
sky130_fd_sc_hd__nor4_4/B,0.0087920000,input
sky130_fd_sc_hd__nor4_4/C,0.0085560000,input
sky130_fd_sc_hd__nor4_4/D,0.0087180000,input
sky130_fd_sc_hd__nor4_4/Y,0.1190290000,output
sky130_fd_sc_hd__nor4b_1/A,0.0024560000,input
sky130_fd_sc_hd__nor4b_1/B,0.0024330000,input
sky130_fd_sc_hd__nor4b_1/C,0.0023980000,input
sky130_fd_sc_hd__nor4b_1/D_N,0.0014890000,input
sky130_fd_sc_hd__nor4b_1/Y,0.0366310000,output
sky130_fd_sc_hd__nor4b_2/A,0.0045860000,input
sky130_fd_sc_hd__nor4b_2/B,0.0045310000,input
sky130_fd_sc_hd__nor4b_2/C,0.0043990000,input
sky130_fd_sc_hd__nor4b_2/D_N,0.0014580000,input
sky130_fd_sc_hd__nor4b_2/Y,0.0677590000,output
sky130_fd_sc_hd__nor4b_4/A,0.0088500000,input
sky130_fd_sc_hd__nor4b_4/B,0.0087040000,input
sky130_fd_sc_hd__nor4b_4/C,0.0085640000,input
sky130_fd_sc_hd__nor4b_4/D_N,0.0024830000,input
sky130_fd_sc_hd__nor4b_4/Y,0.1199440000,output
sky130_fd_sc_hd__nor4bb_1/A,0.0023930000,input
sky130_fd_sc_hd__nor4bb_1/B,0.0024120000,input
sky130_fd_sc_hd__nor4bb_1/C_N,0.0015310000,input
sky130_fd_sc_hd__nor4bb_1/D_N,0.0014200000,input
sky130_fd_sc_hd__nor4bb_1/Y,0.0393780000,output
sky130_fd_sc_hd__nor4bb_2/A,0.0045010000,input
sky130_fd_sc_hd__nor4bb_2/B,0.0044380000,input
sky130_fd_sc_hd__nor4bb_2/C_N,0.0013910000,input
sky130_fd_sc_hd__nor4bb_2/D_N,0.0015170000,input
sky130_fd_sc_hd__nor4bb_2/Y,0.0640970000,output
sky130_fd_sc_hd__nor4bb_4/A,0.0089080000,input
sky130_fd_sc_hd__nor4bb_4/B,0.0087620000,input
sky130_fd_sc_hd__nor4bb_4/C_N,0.0024400000,input
sky130_fd_sc_hd__nor4bb_4/D_N,0.0024610000,input
sky130_fd_sc_hd__nor4bb_4/Y,0.1171970000,output
sky130_fd_sc_hd__o2111a_1/A1,0.0024300000,input
sky130_fd_sc_hd__o2111a_1/A2,0.0024000000,input
sky130_fd_sc_hd__o2111a_1/B1,0.0024260000,input
sky130_fd_sc_hd__o2111a_1/C1,0.0024430000,input
sky130_fd_sc_hd__o2111a_1/D1,0.0024240000,input
sky130_fd_sc_hd__o2111a_1/X,0.1712140000,output
sky130_fd_sc_hd__o2111a_2/A1,0.0025380000,input
sky130_fd_sc_hd__o2111a_2/A2,0.0024360000,input
sky130_fd_sc_hd__o2111a_2/B1,0.0023870000,input
sky130_fd_sc_hd__o2111a_2/C1,0.0025120000,input
sky130_fd_sc_hd__o2111a_2/D1,0.0024260000,input
sky130_fd_sc_hd__o2111a_2/X,0.3176980000,output
sky130_fd_sc_hd__o2111a_4/A1,0.0044850000,input
sky130_fd_sc_hd__o2111a_4/A2,0.0047750000,input
sky130_fd_sc_hd__o2111a_4/B1,0.0044850000,input
sky130_fd_sc_hd__o2111a_4/C1,0.0048440000,input
sky130_fd_sc_hd__o2111a_4/D1,0.0044310000,input
sky130_fd_sc_hd__o2111a_4/X,0.5786230000,output
sky130_fd_sc_hd__o2111ai_1/A1,0.0023900000,input
sky130_fd_sc_hd__o2111ai_1/A2,0.0024370000,input
sky130_fd_sc_hd__o2111ai_1/B1,0.0023800000,input
sky130_fd_sc_hd__o2111ai_1/C1,0.0024600000,input
sky130_fd_sc_hd__o2111ai_1/D1,0.0023650000,input
sky130_fd_sc_hd__o2111ai_1/Y,0.0750830000,output
sky130_fd_sc_hd__o2111ai_2/A1,0.0044690000,input
sky130_fd_sc_hd__o2111ai_2/A2,0.0044270000,input
sky130_fd_sc_hd__o2111ai_2/B1,0.0045660000,input
sky130_fd_sc_hd__o2111ai_2/C1,0.0044260000,input
sky130_fd_sc_hd__o2111ai_2/D1,0.0044040000,input
sky130_fd_sc_hd__o2111ai_2/Y,0.1336770000,output
sky130_fd_sc_hd__o2111ai_4/A1,0.0089400000,input
sky130_fd_sc_hd__o2111ai_4/A2,0.0086200000,input
sky130_fd_sc_hd__o2111ai_4/B1,0.0087190000,input
sky130_fd_sc_hd__o2111ai_4/C1,0.0086020000,input
sky130_fd_sc_hd__o2111ai_4/D1,0.0085970000,input
sky130_fd_sc_hd__o2111ai_4/Y,0.2215680000,output
sky130_fd_sc_hd__o211a_1/A1,0.0024260000,input
sky130_fd_sc_hd__o211a_1/A2,0.0024060000,input
sky130_fd_sc_hd__o211a_1/B1,0.0023740000,input
sky130_fd_sc_hd__o211a_1/C1,0.0024060000,input
sky130_fd_sc_hd__o211a_1/X,0.1922710000,output
sky130_fd_sc_hd__o211a_2/A1,0.0024850000,input
sky130_fd_sc_hd__o211a_2/A2,0.0023810000,input
sky130_fd_sc_hd__o211a_2/B1,0.0024070000,input
sky130_fd_sc_hd__o211a_2/C1,0.0024280000,input
sky130_fd_sc_hd__o211a_2/X,0.2801610000,output
sky130_fd_sc_hd__o211a_4/A1,0.0050040000,input
sky130_fd_sc_hd__o211a_4/A2,0.0045700000,input
sky130_fd_sc_hd__o211a_4/B1,0.0050820000,input
sky130_fd_sc_hd__o211a_4/C1,0.0045600000,input
sky130_fd_sc_hd__o211a_4/X,0.5374240000,output
sky130_fd_sc_hd__o211ai_1/A1,0.0024070000,input
sky130_fd_sc_hd__o211ai_1/A2,0.0023840000,input
sky130_fd_sc_hd__o211ai_1/B1,0.0023990000,input
sky130_fd_sc_hd__o211ai_1/C1,0.0024150000,input
sky130_fd_sc_hd__o211ai_1/Y,0.0787450000,output
sky130_fd_sc_hd__o211ai_2/A1,0.0045130000,input
sky130_fd_sc_hd__o211ai_2/A2,0.0044710000,input
sky130_fd_sc_hd__o211ai_2/B1,0.0045040000,input
sky130_fd_sc_hd__o211ai_2/C1,0.0044580000,input
sky130_fd_sc_hd__o211ai_2/Y,0.1391700000,output
sky130_fd_sc_hd__o211ai_4/A1,0.0093220000,input
sky130_fd_sc_hd__o211ai_4/A2,0.0087070000,input
sky130_fd_sc_hd__o211ai_4/B1,0.0092860000,input
sky130_fd_sc_hd__o211ai_4/C1,0.0086520000,input
sky130_fd_sc_hd__o211ai_4/Y,0.2252300000,output
sky130_fd_sc_hd__o21a_1/A1,0.0024300000,input
sky130_fd_sc_hd__o21a_1/A2,0.0024720000,input
sky130_fd_sc_hd__o21a_1/B1,0.0024350000,input
sky130_fd_sc_hd__o21a_1/X,0.1730450000,output
sky130_fd_sc_hd__o21a_2/A1,0.0024010000,input
sky130_fd_sc_hd__o21a_2/A2,0.0024650000,input
sky130_fd_sc_hd__o21a_2/B1,0.0024760000,input
sky130_fd_sc_hd__o21a_2/X,0.3112890000,output
sky130_fd_sc_hd__o21a_4/A1,0.0049920000,input
sky130_fd_sc_hd__o21a_4/A2,0.0045530000,input
sky130_fd_sc_hd__o21a_4/B1,0.0046360000,input
sky130_fd_sc_hd__o21a_4/X,0.5365090000,output
sky130_fd_sc_hd__o21ai_0/A1,0.0017930000,input
sky130_fd_sc_hd__o21ai_0/A2,0.0017450000,input
sky130_fd_sc_hd__o21ai_0/B1,0.0016990000,input
sky130_fd_sc_hd__o21ai_0/Y,0.0503640000,output
sky130_fd_sc_hd__o21ai_1/A1,0.0024020000,input
sky130_fd_sc_hd__o21ai_1/A2,0.0025170000,input
sky130_fd_sc_hd__o21ai_1/B1,0.0020370000,input
sky130_fd_sc_hd__o21ai_1/Y,0.0842380000,output
sky130_fd_sc_hd__o21ai_2/A1,0.0049680000,input
sky130_fd_sc_hd__o21ai_2/A2,0.0045300000,input
sky130_fd_sc_hd__o21ai_2/B1,0.0044890000,input
sky130_fd_sc_hd__o21ai_2/Y,0.1455790000,output
sky130_fd_sc_hd__o21ai_4/A1,0.0094190000,input
sky130_fd_sc_hd__o21ai_4/A2,0.0086830000,input
sky130_fd_sc_hd__o21ai_4/B1,0.0089250000,input
sky130_fd_sc_hd__o21ai_4/Y,0.2343850000,output
sky130_fd_sc_hd__o21ba_1/A1,0.0024640000,input
sky130_fd_sc_hd__o21ba_1/A2,0.0024730000,input
sky130_fd_sc_hd__o21ba_1/B1_N,0.0013820000,input
sky130_fd_sc_hd__o21ba_1/X,0.1638890000,output
sky130_fd_sc_hd__o21ba_2/A1,0.0024610000,input
sky130_fd_sc_hd__o21ba_2/A2,0.0024410000,input
sky130_fd_sc_hd__o21ba_2/B1_N,0.0014150000,input
sky130_fd_sc_hd__o21ba_2/X,0.2764990000,output
sky130_fd_sc_hd__o21ba_4/A1,0.0045340000,input
sky130_fd_sc_hd__o21ba_4/A2,0.0044960000,input
sky130_fd_sc_hd__o21ba_4/B1_N,0.0024560000,input
sky130_fd_sc_hd__o21ba_4/X,0.4742530000,output
sky130_fd_sc_hd__o21bai_1/A1,0.0024130000,input
sky130_fd_sc_hd__o21bai_1/A2,0.0023940000,input
sky130_fd_sc_hd__o21bai_1/B1_N,0.0017290000,input
sky130_fd_sc_hd__o21bai_1/Y,0.0814920000,output
sky130_fd_sc_hd__o21bai_2/A1,0.0045110000,input
sky130_fd_sc_hd__o21bai_2/A2,0.0045180000,input
sky130_fd_sc_hd__o21bai_2/B1_N,0.0013760000,input
sky130_fd_sc_hd__o21bai_2/Y,0.1455790000,output
sky130_fd_sc_hd__o21bai_4/A1,0.0091560000,input
sky130_fd_sc_hd__o21bai_4/A2,0.0087170000,input
sky130_fd_sc_hd__o21bai_4/B1_N,0.0024230000,input
sky130_fd_sc_hd__o21bai_4/Y,0.2563580000,output
sky130_fd_sc_hd__o221a_1/A1,0.0024540000,input
sky130_fd_sc_hd__o221a_1/A2,0.0024600000,input
sky130_fd_sc_hd__o221a_1/B1,0.0024100000,input
sky130_fd_sc_hd__o221a_1/B2,0.0024110000,input
sky130_fd_sc_hd__o221a_1/C1,0.0023760000,input
sky130_fd_sc_hd__o221a_1/X,0.1611430000,output
sky130_fd_sc_hd__o221a_2/A1,0.0024450000,input
sky130_fd_sc_hd__o221a_2/A2,0.0024350000,input
sky130_fd_sc_hd__o221a_2/B1,0.0024000000,input
sky130_fd_sc_hd__o221a_2/B2,0.0023910000,input
sky130_fd_sc_hd__o221a_2/C1,0.0023680000,input
sky130_fd_sc_hd__o221a_2/X,0.2966410000,output
sky130_fd_sc_hd__o221a_4/A1,0.0050060000,input
sky130_fd_sc_hd__o221a_4/A2,0.0044010000,input
sky130_fd_sc_hd__o221a_4/B1,0.0048750000,input
sky130_fd_sc_hd__o221a_4/B2,0.0043680000,input
sky130_fd_sc_hd__o221a_4/C1,0.0044130000,input
sky130_fd_sc_hd__o221a_4/X,0.5163670000,output
sky130_fd_sc_hd__o221ai_1/A1,0.0023920000,input
sky130_fd_sc_hd__o221ai_1/A2,0.0023770000,input
sky130_fd_sc_hd__o221ai_1/B1,0.0023850000,input
sky130_fd_sc_hd__o221ai_1/B2,0.0023530000,input
sky130_fd_sc_hd__o221ai_1/C1,0.0023080000,input
sky130_fd_sc_hd__o221ai_1/Y,0.0750830000,output
sky130_fd_sc_hd__o221ai_2/A1,0.0049150000,input
sky130_fd_sc_hd__o221ai_2/A2,0.0044210000,input
sky130_fd_sc_hd__o221ai_2/B1,0.0050100000,input
sky130_fd_sc_hd__o221ai_2/B2,0.0043740000,input
sky130_fd_sc_hd__o221ai_2/C1,0.0043520000,input
sky130_fd_sc_hd__o221ai_2/Y,0.1355080000,output
sky130_fd_sc_hd__o221ai_4/A1,0.0093800000,input
sky130_fd_sc_hd__o221ai_4/A2,0.0086870000,input
sky130_fd_sc_hd__o221ai_4/B1,0.0091580000,input
sky130_fd_sc_hd__o221ai_4/B2,0.0083010000,input
sky130_fd_sc_hd__o221ai_4/C1,0.0086580000,input
sky130_fd_sc_hd__o221ai_4/Y,0.2279760000,output
sky130_fd_sc_hd__o22a_1/A1,0.0024220000,input
sky130_fd_sc_hd__o22a_1/A2,0.0024790000,input
sky130_fd_sc_hd__o22a_1/B1,0.0024740000,input
sky130_fd_sc_hd__o22a_1/B2,0.0024170000,input
sky130_fd_sc_hd__o22a_1/X,0.1721290000,output
sky130_fd_sc_hd__o22a_2/A1,0.0024170000,input
sky130_fd_sc_hd__o22a_2/A2,0.0024100000,input
sky130_fd_sc_hd__o22a_2/B1,0.0024600000,input
sky130_fd_sc_hd__o22a_2/B2,0.0023990000,input
sky130_fd_sc_hd__o22a_2/X,0.3241070000,output
sky130_fd_sc_hd__o22a_4/A1,0.0049390000,input
sky130_fd_sc_hd__o22a_4/A2,0.0044400000,input
sky130_fd_sc_hd__o22a_4/B1,0.0049560000,input
sky130_fd_sc_hd__o22a_4/B2,0.0044150000,input
sky130_fd_sc_hd__o22a_4/X,0.5639750000,output
sky130_fd_sc_hd__o22ai_1/A1,0.0023960000,input
sky130_fd_sc_hd__o22ai_1/A2,0.0023970000,input
sky130_fd_sc_hd__o22ai_1/B1,0.0024900000,input
sky130_fd_sc_hd__o22ai_1/B2,0.0024110000,input
sky130_fd_sc_hd__o22ai_1/Y,0.0778300000,output
sky130_fd_sc_hd__o22ai_2/A1,0.0045020000,input
sky130_fd_sc_hd__o22ai_2/A2,0.0044170000,input
sky130_fd_sc_hd__o22ai_2/B1,0.0044210000,input
sky130_fd_sc_hd__o22ai_2/B2,0.0044080000,input
sky130_fd_sc_hd__o22ai_2/Y,0.1428320000,output
sky130_fd_sc_hd__o22ai_4/A1,0.0093880000,input
sky130_fd_sc_hd__o22ai_4/A2,0.0087020000,input
sky130_fd_sc_hd__o22ai_4/B1,0.0091660000,input
sky130_fd_sc_hd__o22ai_4/B2,0.0085040000,input
sky130_fd_sc_hd__o22ai_4/Y,0.2261450000,output
sky130_fd_sc_hd__o2bb2a_1/A1_N,0.0014250000,input
sky130_fd_sc_hd__o2bb2a_1/A2_N,0.0015150000,input
sky130_fd_sc_hd__o2bb2a_1/B1,0.0015140000,input
sky130_fd_sc_hd__o2bb2a_1/B2,0.0016410000,input
sky130_fd_sc_hd__o2bb2a_1/X,0.1638890000,output
sky130_fd_sc_hd__o2bb2a_2/A1_N,0.0017080000,input
sky130_fd_sc_hd__o2bb2a_2/A2_N,0.0017970000,input
sky130_fd_sc_hd__o2bb2a_2/B1,0.0017690000,input
sky130_fd_sc_hd__o2bb2a_2/B2,0.0019220000,input
sky130_fd_sc_hd__o2bb2a_2/X,0.3112890000,output
sky130_fd_sc_hd__o2bb2a_4/A1_N,0.0050290000,input
sky130_fd_sc_hd__o2bb2a_4/A2_N,0.0045440000,input
sky130_fd_sc_hd__o2bb2a_4/B1,0.0049570000,input
sky130_fd_sc_hd__o2bb2a_4/B2,0.0044700000,input
sky130_fd_sc_hd__o2bb2a_4/X,0.5273540000,output
sky130_fd_sc_hd__o2bb2ai_1/A1_N,0.0024250000,input
sky130_fd_sc_hd__o2bb2ai_1/A2_N,0.0025700000,input
sky130_fd_sc_hd__o2bb2ai_1/B1,0.0023930000,input
sky130_fd_sc_hd__o2bb2ai_1/B2,0.0024370000,input
sky130_fd_sc_hd__o2bb2ai_1/Y,0.0805760000,output
sky130_fd_sc_hd__o2bb2ai_2/A1_N,0.0050430000,input
sky130_fd_sc_hd__o2bb2ai_2/A2_N,0.0045670000,input
sky130_fd_sc_hd__o2bb2ai_2/B1,0.0049460000,input
sky130_fd_sc_hd__o2bb2ai_2/B2,0.0044520000,input
sky130_fd_sc_hd__o2bb2ai_2/Y,0.1419170000,output
sky130_fd_sc_hd__o2bb2ai_4/A1_N,0.0090230000,input
sky130_fd_sc_hd__o2bb2ai_4/A2_N,0.0090600000,input
sky130_fd_sc_hd__o2bb2ai_4/B1,0.0089530000,input
sky130_fd_sc_hd__o2bb2ai_4/B2,0.0087010000,input
sky130_fd_sc_hd__o2bb2ai_4/Y,0.2572730000,output
sky130_fd_sc_hd__o311a_1/A1,0.0024220000,input
sky130_fd_sc_hd__o311a_1/A2,0.0024210000,input
sky130_fd_sc_hd__o311a_1/A3,0.0023970000,input
sky130_fd_sc_hd__o311a_1/B1,0.0024360000,input
sky130_fd_sc_hd__o311a_1/C1,0.0024230000,input
sky130_fd_sc_hd__o311a_1/X,0.1648050000,output
sky130_fd_sc_hd__o311a_2/A1,0.0024150000,input
sky130_fd_sc_hd__o311a_2/A2,0.0024130000,input
sky130_fd_sc_hd__o311a_2/A3,0.0023880000,input
sky130_fd_sc_hd__o311a_2/B1,0.0024250000,input
sky130_fd_sc_hd__o311a_2/C1,0.0024010000,input
sky130_fd_sc_hd__o311a_2/X,0.3131200000,output
sky130_fd_sc_hd__o311a_4/A1,0.0045590000,input
sky130_fd_sc_hd__o311a_4/A2,0.0044310000,input
sky130_fd_sc_hd__o311a_4/A3,0.0045280000,input
sky130_fd_sc_hd__o311a_4/B1,0.0045760000,input
sky130_fd_sc_hd__o311a_4/C1,0.0045520000,input
sky130_fd_sc_hd__o311a_4/X,0.5703830000,output
sky130_fd_sc_hd__o311ai_0/A1,0.0018250000,input
sky130_fd_sc_hd__o311ai_0/A2,0.0019140000,input
sky130_fd_sc_hd__o311ai_0/A3,0.0017290000,input
sky130_fd_sc_hd__o311ai_0/B1,0.0017690000,input
sky130_fd_sc_hd__o311ai_0/C1,0.0017660000,input
sky130_fd_sc_hd__o311ai_0/Y,0.0293070000,output
sky130_fd_sc_hd__o311ai_1/A1,0.0024340000,input
sky130_fd_sc_hd__o311ai_1/A2,0.0025240000,input
sky130_fd_sc_hd__o311ai_1/A3,0.0023830000,input
sky130_fd_sc_hd__o311ai_1/B1,0.0024020000,input
sky130_fd_sc_hd__o311ai_1/C1,0.0023920000,input
sky130_fd_sc_hd__o311ai_1/Y,0.0494480000,output
sky130_fd_sc_hd__o311ai_2/A1,0.0045850000,input
sky130_fd_sc_hd__o311ai_2/A2,0.0044720000,input
sky130_fd_sc_hd__o311ai_2/A3,0.0045050000,input
sky130_fd_sc_hd__o311ai_2/B1,0.0046140000,input
sky130_fd_sc_hd__o311ai_2/C1,0.0044980000,input
sky130_fd_sc_hd__o311ai_2/Y,0.0860700000,output
sky130_fd_sc_hd__o311ai_4/A1,0.0089180000,input
sky130_fd_sc_hd__o311ai_4/A2,0.0086690000,input
sky130_fd_sc_hd__o311ai_4/A3,0.0087350000,input
sky130_fd_sc_hd__o311ai_4/B1,0.0087070000,input
sky130_fd_sc_hd__o311ai_4/C1,0.0086990000,input
sky130_fd_sc_hd__o311ai_4/Y,0.1492410000,output
sky130_fd_sc_hd__o31a_1/A1,0.0024540000,input
sky130_fd_sc_hd__o31a_1/A2,0.0024290000,input
sky130_fd_sc_hd__o31a_1/A3,0.0023930000,input
sky130_fd_sc_hd__o31a_1/B1,0.0024240000,input
sky130_fd_sc_hd__o31a_1/X,0.1583960000,output
sky130_fd_sc_hd__o31a_2/A1,0.0024410000,input
sky130_fd_sc_hd__o31a_2/A2,0.0024140000,input
sky130_fd_sc_hd__o31a_2/A3,0.0023710000,input
sky130_fd_sc_hd__o31a_2/B1,0.0024020000,input
sky130_fd_sc_hd__o31a_2/X,0.3039650000,output
sky130_fd_sc_hd__o31a_4/A1,0.0045000000,input
sky130_fd_sc_hd__o31a_4/A2,0.0049050000,input
sky130_fd_sc_hd__o31a_4/A3,0.0043360000,input
sky130_fd_sc_hd__o31a_4/B1,0.0046920000,input
sky130_fd_sc_hd__o31a_4/X,0.5758770000,output
sky130_fd_sc_hd__o31ai_1/A1,0.0023690000,input
sky130_fd_sc_hd__o31ai_1/A2,0.0025830000,input
sky130_fd_sc_hd__o31ai_1/A3,0.0025310000,input
sky130_fd_sc_hd__o31ai_1/B1,0.0023900000,input
sky130_fd_sc_hd__o31ai_1/Y,0.0503640000,output
sky130_fd_sc_hd__o31ai_2/A1,0.0045930000,input
sky130_fd_sc_hd__o31ai_2/A2,0.0044770000,input
sky130_fd_sc_hd__o31ai_2/A3,0.0044050000,input
sky130_fd_sc_hd__o31ai_2/B1,0.0045120000,input
sky130_fd_sc_hd__o31ai_2/Y,0.0842380000,output
sky130_fd_sc_hd__o31ai_4/A1,0.0088850000,input
sky130_fd_sc_hd__o31ai_4/A2,0.0086810000,input
sky130_fd_sc_hd__o31ai_4/A3,0.0088660000,input
sky130_fd_sc_hd__o31ai_4/B1,0.0087960000,input
sky130_fd_sc_hd__o31ai_4/Y,0.1510720000,output
sky130_fd_sc_hd__o32a_1/A1,0.0023900000,input
sky130_fd_sc_hd__o32a_1/A2,0.0024700000,input
sky130_fd_sc_hd__o32a_1/A3,0.0023700000,input
sky130_fd_sc_hd__o32a_1/B1,0.0023830000,input
sky130_fd_sc_hd__o32a_1/B2,0.0024270000,input
sky130_fd_sc_hd__o32a_1/X,0.1602270000,output
sky130_fd_sc_hd__o32a_2/A1,0.0024200000,input
sky130_fd_sc_hd__o32a_2/A2,0.0023530000,input
sky130_fd_sc_hd__o32a_2/A3,0.0023430000,input
sky130_fd_sc_hd__o32a_2/B1,0.0023370000,input
sky130_fd_sc_hd__o32a_2/B2,0.0023500000,input
sky130_fd_sc_hd__o32a_2/X,0.3195290000,output
sky130_fd_sc_hd__o32a_4/A1,0.0044830000,input
sky130_fd_sc_hd__o32a_4/A2,0.0043510000,input
sky130_fd_sc_hd__o32a_4/A3,0.0043710000,input
sky130_fd_sc_hd__o32a_4/B1,0.0043490000,input
sky130_fd_sc_hd__o32a_4/B2,0.0043020000,input
sky130_fd_sc_hd__o32a_4/X,0.5859470000,output
sky130_fd_sc_hd__o32ai_1/A1,0.0023810000,input
sky130_fd_sc_hd__o32ai_1/A2,0.0024590000,input
sky130_fd_sc_hd__o32ai_1/A3,0.0023390000,input
sky130_fd_sc_hd__o32ai_1/B1,0.0024080000,input
sky130_fd_sc_hd__o32ai_1/B2,0.0024290000,input
sky130_fd_sc_hd__o32ai_1/Y,0.0503640000,output
sky130_fd_sc_hd__o32ai_2/A1,0.0045930000,input
sky130_fd_sc_hd__o32ai_2/A2,0.0044250000,input
sky130_fd_sc_hd__o32ai_2/A3,0.0044730000,input
sky130_fd_sc_hd__o32ai_2/B1,0.0044850000,input
sky130_fd_sc_hd__o32ai_2/B2,0.0043210000,input
sky130_fd_sc_hd__o32ai_2/Y,0.0933940000,output
sky130_fd_sc_hd__o32ai_4/A1,0.0089410000,input
sky130_fd_sc_hd__o32ai_4/A2,0.0084560000,input
sky130_fd_sc_hd__o32ai_4/A3,0.0086510000,input
sky130_fd_sc_hd__o32ai_4/B1,0.0086060000,input
sky130_fd_sc_hd__o32ai_4/B2,0.0084680000,input
sky130_fd_sc_hd__o32ai_4/Y,0.1611430000,output
sky130_fd_sc_hd__o41a_1/A1,0.0023840000,input
sky130_fd_sc_hd__o41a_1/A2,0.0024550000,input
sky130_fd_sc_hd__o41a_1/A3,0.0024390000,input
sky130_fd_sc_hd__o41a_1/A4,0.0024690000,input
sky130_fd_sc_hd__o41a_1/B1,0.0024560000,input
sky130_fd_sc_hd__o41a_1/X,0.1565650000,output
sky130_fd_sc_hd__o41a_2/A1,0.0024370000,input
sky130_fd_sc_hd__o41a_2/A2,0.0024470000,input
sky130_fd_sc_hd__o41a_2/A3,0.0024400000,input
sky130_fd_sc_hd__o41a_2/A4,0.0023470000,input
sky130_fd_sc_hd__o41a_2/B1,0.0023810000,input
sky130_fd_sc_hd__o41a_2/X,0.3259380000,output
sky130_fd_sc_hd__o41a_4/A1,0.0045990000,input
sky130_fd_sc_hd__o41a_4/A2,0.0045740000,input
sky130_fd_sc_hd__o41a_4/A3,0.0042810000,input
sky130_fd_sc_hd__o41a_4/A4,0.0042830000,input
sky130_fd_sc_hd__o41a_4/B1,0.0045570000,input
sky130_fd_sc_hd__o41a_4/X,0.5777080000,output
sky130_fd_sc_hd__o41ai_1/A1,0.0023950000,input
sky130_fd_sc_hd__o41ai_1/A2,0.0024760000,input
sky130_fd_sc_hd__o41ai_1/A3,0.0024590000,input
sky130_fd_sc_hd__o41ai_1/A4,0.0024250000,input
sky130_fd_sc_hd__o41ai_1/B1,0.0023510000,input
sky130_fd_sc_hd__o41ai_1/Y,0.0366310000,output
sky130_fd_sc_hd__o41ai_2/A1,0.0045600000,input
sky130_fd_sc_hd__o41ai_2/A2,0.0044080000,input
sky130_fd_sc_hd__o41ai_2/A3,0.0044220000,input
sky130_fd_sc_hd__o41ai_2/A4,0.0044210000,input
sky130_fd_sc_hd__o41ai_2/B1,0.0044670000,input
sky130_fd_sc_hd__o41ai_2/Y,0.0659280000,output
sky130_fd_sc_hd__o41ai_4/A1,0.0089130000,input
sky130_fd_sc_hd__o41ai_4/A2,0.0086320000,input
sky130_fd_sc_hd__o41ai_4/A3,0.0085520000,input
sky130_fd_sc_hd__o41ai_4/A4,0.0085840000,input
sky130_fd_sc_hd__o41ai_4/B1,0.0089100000,input
sky130_fd_sc_hd__o41ai_4/Y,0.1144510000,output
sky130_fd_sc_hd__or2_0/A,0.0015680000,input
sky130_fd_sc_hd__or2_0/B,0.0015130000,input
sky130_fd_sc_hd__or2_0/X,0.1007180000,output
sky130_fd_sc_hd__or2_1/A,0.0015060000,input
sky130_fd_sc_hd__or2_1/B,0.0014870000,input
sky130_fd_sc_hd__or2_1/X,0.1730450000,output
sky130_fd_sc_hd__or2_2/A,0.0015250000,input
sky130_fd_sc_hd__or2_2/B,0.0014320000,input
sky130_fd_sc_hd__or2_2/X,0.3140360000,output
sky130_fd_sc_hd__or2_4/A,0.0024820000,input
sky130_fd_sc_hd__or2_4/B,0.0024210000,input
sky130_fd_sc_hd__or2_4/X,0.5429180000,output
sky130_fd_sc_hd__or2b_1/A,0.0017610000,input
sky130_fd_sc_hd__or2b_1/B_N,0.0014490000,input
sky130_fd_sc_hd__or2b_1/X,0.1776220000,output
sky130_fd_sc_hd__or2b_2/A,0.0017360000,input
sky130_fd_sc_hd__or2b_2/B_N,0.0014520000,input
sky130_fd_sc_hd__or2b_2/X,0.3296000000,output
sky130_fd_sc_hd__or2b_4/A,0.0025470000,input
sky130_fd_sc_hd__or2b_4/B_N,0.0016000000,input
sky130_fd_sc_hd__or2b_4/X,0.5447490000,output
sky130_fd_sc_hd__or3_1/A,0.0016040000,input
sky130_fd_sc_hd__or3_1/B,0.0016610000,input
sky130_fd_sc_hd__or3_1/C,0.0014180000,input
sky130_fd_sc_hd__or3_1/X,0.1757910000,output
sky130_fd_sc_hd__or3_2/A,0.0015860000,input
sky130_fd_sc_hd__or3_2/B,0.0016460000,input
sky130_fd_sc_hd__or3_2/C,0.0013990000,input
sky130_fd_sc_hd__or3_2/X,0.3268530000,output
sky130_fd_sc_hd__or3_4/A,0.0024720000,input
sky130_fd_sc_hd__or3_4/B,0.0024040000,input
sky130_fd_sc_hd__or3_4/C,0.0023440000,input
sky130_fd_sc_hd__or3_4/X,0.5639750000,output
sky130_fd_sc_hd__or3b_1/A,0.0016070000,input
sky130_fd_sc_hd__or3b_1/B,0.0017590000,input
sky130_fd_sc_hd__or3b_1/C_N,0.0013830000,input
sky130_fd_sc_hd__or3b_1/X,0.1767070000,output
sky130_fd_sc_hd__or3b_2/A,0.0014940000,input
sky130_fd_sc_hd__or3b_2/B,0.0015730000,input
sky130_fd_sc_hd__or3b_2/C_N,0.0015390000,input
sky130_fd_sc_hd__or3b_2/X,0.2801610000,output
sky130_fd_sc_hd__or3b_4/A,0.0024940000,input
sky130_fd_sc_hd__or3b_4/B,0.0024260000,input
sky130_fd_sc_hd__or3b_4/C_N,0.0015220000,input
sky130_fd_sc_hd__or3b_4/X,0.4925640000,output
sky130_fd_sc_hd__or4_1/A,0.0014700000,input
sky130_fd_sc_hd__or4_1/B,0.0017530000,input
sky130_fd_sc_hd__or4_1/C,0.0015430000,input
sky130_fd_sc_hd__or4_1/D,0.0013780000,input
sky130_fd_sc_hd__or4_1/X,0.1757910000,output
sky130_fd_sc_hd__or4_2/A,0.0014550000,input
sky130_fd_sc_hd__or4_2/B,0.0017410000,input
sky130_fd_sc_hd__or4_2/C,0.0015300000,input
sky130_fd_sc_hd__or4_2/D,0.0013680000,input
sky130_fd_sc_hd__or4_2/X,0.3268530000,output
sky130_fd_sc_hd__or4_4/A,0.0024320000,input
sky130_fd_sc_hd__or4_4/B,0.0025040000,input
sky130_fd_sc_hd__or4_4/C,0.0024930000,input
sky130_fd_sc_hd__or4_4/D,0.0023390000,input
sky130_fd_sc_hd__or4_4/X,0.5658060000,output
sky130_fd_sc_hd__or4b_1/A,0.0014760000,input
sky130_fd_sc_hd__or4b_1/B,0.0018370000,input
sky130_fd_sc_hd__or4b_1/C,0.0015260000,input
sky130_fd_sc_hd__or4b_1/D_N,0.0014480000,input
sky130_fd_sc_hd__or4b_1/X,0.1757910000,output
sky130_fd_sc_hd__or4b_2/A,0.0014820000,input
sky130_fd_sc_hd__or4b_2/B,0.0015180000,input
sky130_fd_sc_hd__or4b_2/C,0.0015140000,input
sky130_fd_sc_hd__or4b_2/D_N,0.0014700000,input
sky130_fd_sc_hd__or4b_2/X,0.2764990000,output
sky130_fd_sc_hd__or4b_4/A,0.0024310000,input
sky130_fd_sc_hd__or4b_4/B,0.0024990000,input
sky130_fd_sc_hd__or4b_4/C,0.0024940000,input
sky130_fd_sc_hd__or4b_4/D_N,0.0015150000,input
sky130_fd_sc_hd__or4b_4/X,0.5658060000,output
sky130_fd_sc_hd__or4bb_1/A,0.0015350000,input
sky130_fd_sc_hd__or4bb_1/B,0.0015690000,input
sky130_fd_sc_hd__or4bb_1/C_N,0.0015470000,input
sky130_fd_sc_hd__or4bb_1/D_N,0.0014380000,input
sky130_fd_sc_hd__or4bb_1/X,0.1757910000,output
sky130_fd_sc_hd__or4bb_2/A,0.0015180000,input
sky130_fd_sc_hd__or4bb_2/B,0.0015580000,input
sky130_fd_sc_hd__or4bb_2/C_N,0.0015480000,input
sky130_fd_sc_hd__or4bb_2/D_N,0.0014370000,input
sky130_fd_sc_hd__or4bb_2/X,0.3286840000,output
sky130_fd_sc_hd__or4bb_4/A,0.0024310000,input
sky130_fd_sc_hd__or4bb_4/B,0.0024720000,input
sky130_fd_sc_hd__or4bb_4/C_N,0.0015330000,input
sky130_fd_sc_hd__or4bb_4/D_N,0.0014270000,input
sky130_fd_sc_hd__or4bb_4/X,0.5648900000,output
sky130_fd_sc_hd__probe_p_8/A,0.0070530000,input
sky130_fd_sc_hd__probe_p_8/X,1.0089210000,output
sky130_fd_sc_hd__probec_p_8/A,0.0070640000,input
sky130_fd_sc_hd__probec_p_8/X,1.0052590000,output
sky130_fd_sc_hd__sdfbbn_1/CLK_N,0.0018420000,input
sky130_fd_sc_hd__sdfbbn_1/D,0.0015630000,input
sky130_fd_sc_hd__sdfbbn_1/Q,0.1767070000,output
sky130_fd_sc_hd__sdfbbn_1/Q_N,0.1611430000,output
sky130_fd_sc_hd__sdfbbn_1/RESET_B,0.0016660000,input
sky130_fd_sc_hd__sdfbbn_1/SCD,0.0018090000,input
sky130_fd_sc_hd__sdfbbn_1/SCE,0.0026640000,input
sky130_fd_sc_hd__sdfbbn_1/SET_B,0.0034860000,input
sky130_fd_sc_hd__sdfbbn_2/CLK_N,0.0018250000,input
sky130_fd_sc_hd__sdfbbn_2/D,0.0015670000,input
sky130_fd_sc_hd__sdfbbn_2/Q,0.3296000000,output
sky130_fd_sc_hd__sdfbbn_2/Q_N,0.3057960000,output
sky130_fd_sc_hd__sdfbbn_2/RESET_B,0.0016610000,input
sky130_fd_sc_hd__sdfbbn_2/SCD,0.0018040000,input
sky130_fd_sc_hd__sdfbbn_2/SCE,0.0026540000,input
sky130_fd_sc_hd__sdfbbn_2/SET_B,0.0034760000,input
sky130_fd_sc_hd__sdfbbp_1/CLK,0.0018140000,input
sky130_fd_sc_hd__sdfbbp_1/D,0.0015660000,input
sky130_fd_sc_hd__sdfbbp_1/Q,0.1767070000,output
sky130_fd_sc_hd__sdfbbp_1/Q_N,0.1611430000,output
sky130_fd_sc_hd__sdfbbp_1/RESET_B,0.0016620000,input
sky130_fd_sc_hd__sdfbbp_1/SCD,0.0017890000,input
sky130_fd_sc_hd__sdfbbp_1/SCE,0.0026580000,input
sky130_fd_sc_hd__sdfbbp_1/SET_B,0.0034810000,input
sky130_fd_sc_hd__sdfrbp_1/CLK,0.0025120000,input
sky130_fd_sc_hd__sdfrbp_1/D,0.0016440000,input
sky130_fd_sc_hd__sdfrbp_1/Q,0.1895240000,output
sky130_fd_sc_hd__sdfrbp_1/Q_N,0.1309300000,output
sky130_fd_sc_hd__sdfrbp_1/RESET_B,0.0035680000,input
sky130_fd_sc_hd__sdfrbp_1/SCD,0.0019110000,input
sky130_fd_sc_hd__sdfrbp_1/SCE,0.0043860000,input
sky130_fd_sc_hd__sdfrbp_1/D,0.0016440000,input
sky130_fd_sc_hd__sdfrbp_1/Q,0.2655130000,output
sky130_fd_sc_hd__sdfrbp_1/Q_N,0.3067120000,output
sky130_fd_sc_hd__sdfrbp_1/RESET_B,0.0035610000,input
sky130_fd_sc_hd__sdfrbp_1/SCD,0.0019110000,input
sky130_fd_sc_hd__sdfrbp_1/SCE,0.0043860000,input
sky130_fd_sc_hd__sdfrbp_1/D,0.0016430000,input
sky130_fd_sc_hd__sdfrbp_1/Q,0.1913550000,output
sky130_fd_sc_hd__sdfrbp_1/RESET_B,0.0035580000,input
sky130_fd_sc_hd__sdfrbp_1/SCD,0.0019110000,input
sky130_fd_sc_hd__sdfrbp_1/SCE,0.0037470000,input
sky130_fd_sc_hd__sdfrtp_1/CLK,0.0025050000,input
sky130_fd_sc_hd__sdfrtp_1/D,0.0016440000,input
sky130_fd_sc_hd__sdfrtp_1/Q,0.1913550000,output
sky130_fd_sc_hd__sdfrtp_1/RESET_B,0.0035650000,input
sky130_fd_sc_hd__sdfrtp_1/SCD,0.0019120000,input
sky130_fd_sc_hd__sdfrtp_1/SCE,0.0043870000,input
sky130_fd_sc_hd__sdfrtp_2/CLK,0.0025140000,input
sky130_fd_sc_hd__sdfrtp_2/D,0.0016440000,input
sky130_fd_sc_hd__sdfrtp_2/Q,0.3442480000,output
sky130_fd_sc_hd__sdfrtp_2/RESET_B,0.0035920000,input
sky130_fd_sc_hd__sdfrtp_2/SCD,0.0019110000,input
sky130_fd_sc_hd__sdfrtp_2/SCE,0.0043870000,input
sky130_fd_sc_hd__sdfrtp_4/CLK,0.0024950000,input
sky130_fd_sc_hd__sdfrtp_4/D,0.0016440000,input
sky130_fd_sc_hd__sdfrtp_4/Q,0.6115820000,output
sky130_fd_sc_hd__sdfrtp_4/RESET_B,0.0035640000,input
sky130_fd_sc_hd__sdfrtp_4/SCD,0.0019110000,input
sky130_fd_sc_hd__sdfrtp_4/SCE,0.0043870000,input
sky130_fd_sc_hd__sdfsbp_1/CLK,0.0019920000,input
sky130_fd_sc_hd__sdfsbp_1/D,0.0018980000,input
sky130_fd_sc_hd__sdfsbp_1/Q,0.1767070000,output
sky130_fd_sc_hd__sdfsbp_1/Q_N,0.1886090000,output
sky130_fd_sc_hd__sdfsbp_1/SCD,0.0017820000,input
sky130_fd_sc_hd__sdfsbp_1/SCE,0.0036010000,input
sky130_fd_sc_hd__sdfsbp_1/SET_B,0.0034220000,input
sky130_fd_sc_hd__sdfsbp_1/D,0.0018920000,input
sky130_fd_sc_hd__sdfsbp_1/Q,0.3259380000,output
sky130_fd_sc_hd__sdfsbp_1/Q_N,0.3305150000,output
sky130_fd_sc_hd__sdfsbp_1/SCD,0.0017790000,input
sky130_fd_sc_hd__sdfsbp_1/SCE,0.0036110000,input
sky130_fd_sc_hd__sdfsbp_1/SET_B,0.0034040000,input
sky130_fd_sc_hd__sdfsbp_1/D,0.0019050000,input
sky130_fd_sc_hd__sdfsbp_1/Q,0.1767070000,output
sky130_fd_sc_hd__sdfsbp_1/SCD,0.0017790000,input
sky130_fd_sc_hd__sdfsbp_1/SCE,0.0036170000,input
sky130_fd_sc_hd__sdfsbp_1/SET_B,0.0033910000,input
sky130_fd_sc_hd__sdfstp_2/CLK,0.0019930000,input
sky130_fd_sc_hd__sdfstp_2/D,0.0019050000,input
sky130_fd_sc_hd__sdfstp_2/Q,0.3341770000,output
sky130_fd_sc_hd__sdfstp_2/SCD,0.0017790000,input
sky130_fd_sc_hd__sdfstp_2/SCE,0.0036280000,input
sky130_fd_sc_hd__sdfstp_2/SET_B,0.0033900000,input
sky130_fd_sc_hd__sdfstp_4/CLK,0.0019930000,input
sky130_fd_sc_hd__sdfstp_4/D,0.0019050000,input
sky130_fd_sc_hd__sdfstp_4/Q,0.5859470000,output
sky130_fd_sc_hd__sdfstp_4/SCD,0.0017790000,input
sky130_fd_sc_hd__sdfstp_4/SCE,0.0036160000,input
sky130_fd_sc_hd__sdfstp_4/SET_B,0.0033910000,input
sky130_fd_sc_hd__sdfxbp_1/CLK,0.0018340000,input
sky130_fd_sc_hd__sdfxbp_1/D,0.0017300000,input
sky130_fd_sc_hd__sdfxbp_1/Q,0.1675510000,output
sky130_fd_sc_hd__sdfxbp_1/Q_N,0.1812840000,output
sky130_fd_sc_hd__sdfxbp_1/SCD,0.0018630000,input
sky130_fd_sc_hd__sdfxbp_1/SCE,0.0034400000,input
sky130_fd_sc_hd__sdfxbp_2/CLK,0.0018240000,input
sky130_fd_sc_hd__sdfxbp_2/D,0.0017280000,input
sky130_fd_sc_hd__sdfxbp_2/Q,0.3067120000,output
sky130_fd_sc_hd__sdfxbp_2/Q_N,0.3341770000,output
sky130_fd_sc_hd__sdfxbp_2/SCD,0.0018720000,input
sky130_fd_sc_hd__sdfxbp_2/SCE,0.0034500000,input
sky130_fd_sc_hd__sdfxtp_1/CLK,0.0018220000,input
sky130_fd_sc_hd__sdfxtp_1/D,0.0017310000,input
sky130_fd_sc_hd__sdfxtp_1/Q,0.1712140000,output
sky130_fd_sc_hd__sdfxtp_1/SCD,0.0018590000,input
sky130_fd_sc_hd__sdfxtp_1/SCE,0.0034670000,input
sky130_fd_sc_hd__sdfxtp_1/D,0.0017260000,input
sky130_fd_sc_hd__sdfxtp_1/Q,0.3268530000,output
sky130_fd_sc_hd__sdfxtp_1/SCD,0.0018620000,input
sky130_fd_sc_hd__sdfxtp_1/SCE,0.0034480000,input
sky130_fd_sc_hd__sdfxtp_1/D,0.0017280000,input
sky130_fd_sc_hd__sdfxtp_1/Q,0.5712990000,output
sky130_fd_sc_hd__sdfxtp_1/SCD,0.0018640000,input
sky130_fd_sc_hd__sdfxtp_1/SCE,0.0034470000,input
sky130_fd_sc_hd__sdfxtp_1/GATE,0.0019280000,input
sky130_fd_sc_hd__sdfxtp_1/GCLK,0.1620580000,output
sky130_fd_sc_hd__sdlclkp_2/CLK,0.0037320000,input
sky130_fd_sc_hd__sdlclkp_2/GATE,0.0019430000,input
sky130_fd_sc_hd__sdlclkp_2/GCLK,0.3167820000,output
sky130_fd_sc_hd__sdlclkp_4/CLK,0.0043930000,input
sky130_fd_sc_hd__sdlclkp_4/GATE,0.0019610000,input
sky130_fd_sc_hd__sdlclkp_4/GCLK,0.5658060000,output
sky130_fd_sc_hd__sedfxbp_1/CLK,0.0018110000,input
sky130_fd_sc_hd__sedfxbp_1/D,0.0017980000,input
sky130_fd_sc_hd__sedfxbp_1/DE,0.0033710000,input
sky130_fd_sc_hd__sedfxbp_1/Q,0.1794530000,output
sky130_fd_sc_hd__sedfxbp_1/Q_N,0.1776220000,output
sky130_fd_sc_hd__sedfxbp_1/SCD,0.0017730000,input
sky130_fd_sc_hd__sedfxbp_1/SCE,0.0030100000,input
sky130_fd_sc_hd__sedfxbp_1/D,0.0017990000,input
sky130_fd_sc_hd__sedfxbp_1/DE,0.0033710000,input
sky130_fd_sc_hd__sedfxbp_1/Q,0.3314310000,output
sky130_fd_sc_hd__sedfxbp_1/Q_N,0.3176980000,output
sky130_fd_sc_hd__sedfxbp_1/SCD,0.0017730000,input
sky130_fd_sc_hd__sedfxbp_1/SCE,0.0030040000,input
sky130_fd_sc_hd__sedfxbp_1/D,0.0017990000,input
sky130_fd_sc_hd__sedfxbp_1/DE,0.0033770000,input
sky130_fd_sc_hd__sedfxbp_1/Q,0.1803690000,output
sky130_fd_sc_hd__sedfxbp_1/SCD,0.0017740000,input
sky130_fd_sc_hd__sedfxbp_1/SCE,0.0030100000,input
sky130_fd_sc_hd__sedfxtp_2/CLK,0.0018060000,input
sky130_fd_sc_hd__sedfxtp_2/D,0.0017990000,input
sky130_fd_sc_hd__sedfxtp_2/DE,0.0033720000,input
sky130_fd_sc_hd__sedfxtp_2/Q,0.3341770000,output
sky130_fd_sc_hd__sedfxtp_2/SCD,0.0017730000,input
sky130_fd_sc_hd__sedfxtp_2/SCE,0.0030090000,input
sky130_fd_sc_hd__sedfxtp_4/CLK,0.0018120000,input
sky130_fd_sc_hd__sedfxtp_4/D,0.0018050000,input
sky130_fd_sc_hd__sedfxtp_4/DE,0.0033700000,input
sky130_fd_sc_hd__sedfxtp_4/Q,0.5932720000,output
sky130_fd_sc_hd__sedfxtp_4/SCD,0.0017730000,input
sky130_fd_sc_hd__sedfxtp_4/SCE,0.0029910000,input
sky130_fd_sc_hd__xnor2_1/A,0.0046370000,input
sky130_fd_sc_hd__xnor2_1/B,0.0046540000,input
sky130_fd_sc_hd__xnor2_1/Y,0.0732520000,output
sky130_fd_sc_hd__xnor2_2/A,0.0089230000,input
sky130_fd_sc_hd__xnor2_2/B,0.0084260000,input
sky130_fd_sc_hd__xnor2_2/Y,0.1263530000,output
sky130_fd_sc_hd__xnor2_4/A,0.0172430000,input
sky130_fd_sc_hd__xnor2_4/B,0.0162510000,input
sky130_fd_sc_hd__xnor2_4/Y,0.2188210000,output
sky130_fd_sc_hd__xnor3_1/A,0.0025090000,input
sky130_fd_sc_hd__xnor3_1/B,0.0053300000,input
sky130_fd_sc_hd__xnor3_1/C,0.0035340000,input
sky130_fd_sc_hd__xnor3_1/X,0.1629740000,output
sky130_fd_sc_hd__xnor3_2/A,0.0025080000,input
sky130_fd_sc_hd__xnor3_2/B,0.0053320000,input
sky130_fd_sc_hd__xnor3_2/C,0.0035330000,input
sky130_fd_sc_hd__xnor3_2/X,0.3176980000,output
sky130_fd_sc_hd__xnor3_4/A,0.0025050000,input
sky130_fd_sc_hd__xnor3_4/B,0.0053290000,input
sky130_fd_sc_hd__xnor3_4/C,0.0035320000,input
sky130_fd_sc_hd__xnor3_4/X,0.5859470000,output
sky130_fd_sc_hd__xor2_1/A,0.0045040000,input
sky130_fd_sc_hd__xor2_1/B,0.0044220000,input
sky130_fd_sc_hd__xor2_1/X,0.0805760000,output
sky130_fd_sc_hd__xor2_2/A,0.0092260000,input
sky130_fd_sc_hd__xor2_2/B,0.0083370000,input
sky130_fd_sc_hd__xor2_2/X,0.1345920000,output
sky130_fd_sc_hd__xor2_4/A,0.0178080000,input
sky130_fd_sc_hd__xor2_4/B,0.0154540000,input
sky130_fd_sc_hd__xor2_4/X,0.2298070000,output
sky130_fd_sc_hd__xor3_1/A,0.0025090000,input
sky130_fd_sc_hd__xor3_1/B,0.0053310000,input
sky130_fd_sc_hd__xor3_1/C,0.0035450000,input
sky130_fd_sc_hd__xor3_1/X,0.1593120000,output
sky130_fd_sc_hd__xor3_2/A,0.0025060000,input
sky130_fd_sc_hd__xor3_2/B,0.0053270000,input
sky130_fd_sc_hd__xor3_2/C,0.0035410000,input
sky130_fd_sc_hd__xor3_2/X,0.3012180000,output
sky130_fd_sc_hd__xor3_4/A,0.0024880000,input
sky130_fd_sc_hd__xor3_4/B,0.0053240000,input
sky130_fd_sc_hd__xor3_4/C,0.0035210000,input
sky130_fd_sc_hd__xor3_4/X,0.5346780000,output
